,Date,Open,High,Low,Dividend,Close,Momentum 1,Momentum 2,Momentum 3,Momentum 4,Momentum 5,Momentum 6,Momentum 7,Momentum 8,Momentum 9,Momentum 10,Momentum 11,Momentum 12
0,1/2/1929,300.3,308.7,300.30,0.00,307.00,0,0,0,0,0,0,0,0,0,0,0,0
1,2/1/1929,317.5,324.2,315.60,0.00,319.70,0,0,0,0,0,0,0,0,0,0,0,0
2,3/1/1929,317.8,324.4,317.80,0.00,321.20,0,0,0,0,0,0,0,0,0,0,0,0
3,4/1/1929,304.2,304.2,294.10,0.00,300.40,0,0,0,0,0,0,0,0,0,0,0,0
4,5/1/1929,319.3,324,317.90,0.00,320.10,0,0,0,0,0,0,0,0,0,0,0,0
5,6/1/1929,297.4,301.6,296.50,0.00,299.10,0,0,0,0,0,0,0,0,0,0,0,0
6,7/1/1929,333.8,339.1,332.20,0.00,335.20,0,0,0,0,0,0,0,0,0,0,0,0
7,8/1/1929,347.7,353.3,346.40,0.00,350.60,0,0,0,0,0,0,0,0,0,0,0,0
8,9/3/1929,380.3,386.1,378.20,0.00,381.20,0,0,0,0,0,0,0,0,0,0,0,0
9,10/1/1929,343.5,345.7,336.00,0.00,342.60,0,0,0,0,0,0,0,0,0,0,0,0
10,11/4/1929,269.8,269.8,255.40,0.00,257.70,0,0,0,0,0,0,0,0,0,0,0,0
11,12/2/1929,239,243.4,236.10,0.00,241.70,0,0,0,0,0,0,0,0,0,0,0,0
12,1/2/1930,248.5,252.3,241.80,0.00,244.20,1,0,0,0,0,0,0,0,0,0,0,0
13,2/1/1930,267.1,269.2,265.70,0.00,268.40,1,1,1,0,0,0,0,0,0,0,0,0
14,3/1/1930,271.1,274.2,270.40,0.00,273.20,1,1,1,1,0,0,0,0,0,0,0,0
15,4/1/1930,286.1,290.2,283.60,0.00,287.10,1,1,1,1,1,0,0,0,0,0,0,0
16,5/1/1930,279.2,282,273.00,0.00,274.60,0,1,1,1,1,1,0,0,0,0,0,0
17,6/2/1930,275.1,276.9,273.00,0.00,274.50,0,0,1,1,1,1,1,0,0,0,0,0
18,7/1/1930,226.3,229.5,221.90,0.00,223.00,0,0,0,0,0,0,0,0,0,0,0,0
19,8/1/1930,234,235.8,231.90,0.00,233.60,1,0,0,0,0,0,0,0,0,0,0,0
20,9/2/1930,240.4,242.8,238.50,0.00,240.40,1,1,0,0,0,0,0,0,0,0,0,0
21,10/1/1930,205.9,215.3,205.90,0.00,214.10,0,0,0,0,0,0,0,0,0,0,0,0
22,11/1/1930,183.4,185.7,181.30,0.00,184.90,0,0,0,0,0,0,0,0,0,0,0,0
23,12/1/1930,183.4,186.3,182.30,0.00,185.50,1,0,0,0,0,0,0,0,0,0,0,0
24,1/2/1931,164.6,170.1,161.50,0.00,169.80,0,0,0,0,0,0,0,0,0,0,0,0
25,2/2/1931,167.6,169.3,165.60,0.00,168.70,0,0,0,0,0,0,0,0,0,0,0,0
26,3/2/1931,189.7,191.9,183.50,0.00,184.40,1,1,0,0,0,0,0,0,0,0,0,0
27,4/1/1931,172.4,173.7,169.20,0.00,170.80,0,1,1,0,0,0,0,0,0,0,0,0
28,5/1/1931,151.2,153.8,144.90,0.00,145.60,0,0,0,0,0,0,0,0,0,0,0,0
29,6/1/1931,128.4,128.4,121.80,0.00,122.80,0,0,0,0,0,0,0,0,0,0,0,0
30,7/1/1931,150.2,153.9,147.40,0.00,152.70,1,1,0,0,0,0,0,0,0,0,0,0
31,8/1/1931,135.4,137.8,135.30,0.00,136.70,0,1,0,0,0,0,0,0,0,0,0,0
32,9/1/1931,139.4,140.5,138.50,0.00,140.10,1,0,1,0,0,0,0,0,0,0,0,0
33,10/1/1931,96.6,98.5,92.90,0.00,95.70,1,1,1,1,1,1,1,1,1,1,1,1
34,11/2/1931,105.4,107.8,103.90,0.00,104.50,0,0,0,0,0,0,0,0,0,0,0,0
35,12/1/1931,93.4,93.4,87.80,0.00,91.20,1,0,1,1,1,1,1,1,1,1,1,1
36,1/2/1932,77.9,78.1,74.30,0.00,74.60,0,1,0,1,1,1,1,1,1,1,1,1
37,2/1/1932,76.3,80.6,76.30,0.00,79.60,1,0,1,0,1,1,1,1,1,1,1,1
38,3/1/1932,81.4,82.2,80.50,0.00,81.90,1,1,0,1,0,1,1,1,1,1,1,1
39,4/1/1932,73.3,74.4,71.20,0.00,72.20,0,0,0,0,1,0,1,1,1,1,1,1
40,5/2/1932,56.1,56.3,54.20,0.00,55.40,0,0,0,0,0,1,0,1,1,1,1,1
41,6/1/1932,44.7,48.6,44.10,0.00,44.90,0,0,0,0,0,0,1,0,1,1,1,1
42,7/1/1932,42.8,44.6,42.60,0.00,44.40,0,0,0,0,0,0,0,1,0,1,1,1
43,8/1/1932,54.3,56.9,53.60,0.00,54.90,1,1,0,0,0,0,0,0,1,0,1,1
44,9/1/1932,73.2,74.6,71.90,0.00,73.70,1,1,1,1,1,0,0,0,0,1,0,1
45,10/1/1932,71.6,72.3,71.20,0.00,72.10,0,1,1,1,1,0,0,0,0,0,1,0
46,11/1/1932,61.6,61.6,59.90,0.00,60.20,0,0,1,1,1,1,0,0,0,0,0,1
47,12/1/1932,56.4,58.4,56.00,0.00,58.00,0,0,0,1,1,1,1,0,0,0,0,0
48,1/3/1933,59.9,60.2,58.90,0.00,59.30,1,0,0,0,1,1,1,1,0,0,0,0
49,2/1/1933,60.9,60.9,58.60,0.00,59.10,0,1,0,0,0,1,1,1,1,0,0,0
50,3/1/1933,51.4,53,50.80,0.00,52.50,0,0,0,0,0,0,0,1,1,0,0,0
51,4/1/1933,55.4,56.1,55.00,0.00,55.70,1,0,0,0,0,0,0,1,1,1,1,0
52,5/1/1933,77.7,80,76.90,0.00,77.80,1,1,1,1,1,1,1,1,1,1,1,1
53,6/1/1933,88.1,90.6,87.40,0.00,89.10,1,1,1,1,1,1,1,1,1,1,1,1
54,7/1/1933,99.2,101.6,99.20,0.00,100.90,0,0,0,0,0,0,0,0,0,0,0,0
55,8/1/1933,90.8,93.2,89.60,0.00,92.70,1,1,1,1,1,1,1,1,1,1,1,1
56,9/1/1933,102.4,103.9,101.90,0.00,103.70,0,1,0,0,0,0,0,0,0,0,0,0
57,10/2/1933,94.8,95.3,92.70,0.00,93.00,1,1,1,1,1,1,1,1,1,1,1,1
58,11/1/1933,88.2,89.9,86.80,0.00,89.60,0,1,0,1,1,1,1,1,1,1,1,1
59,12/1/1933,98.4,100.1,98.40,0.00,98.90,1,1,1,1,1,1,1,1,1,1,1,1
60,1/2/1934,99.9,101.9,99.60,0.00,100.40,0,0,0,0,0,0,0,0,0,0,0,0
61,2/1/1934,107.9,110.4,107.90,0.00,109.00,1,0,0,0,1,0,1,0,0,0,0,0
62,3/1/1934,103.5,103.8,101.90,0.00,103.20,0,1,0,0,0,0,0,1,0,0,0,0
63,4/2/1934,101.9,102.8,101.40,0.00,102.00,0,0,1,0,0,0,0,0,1,0,0,0
64,5/1/1934,100.5,101.2,99.60,0.00,100.60,0,0,0,1,0,0,0,0,0,0,0,0
65,6/1/1934,93.7,93.7,91.70,0.00,91.80,1,1,1,1,1,0,1,0,1,0,1,1
66,7/2/1934,95.7,95.7,94.60,0.00,94.80,1,1,1,1,1,1,0,1,1,1,1,1
67,8/1/1934,88.6,91,88.60,0.00,90.60,0,0,1,1,1,1,1,0,1,0,1,0
68,9/1/1934,92.9,92.9,92.50,0.00,92.60,1,0,1,1,1,1,1,1,0,1,0,1
69,10/1/1934,92.2,92.2,90.10,0.00,90.40,0,0,0,0,1,1,1,1,1,0,1,0
70,11/1/1934,93.4,94,92.80,0.00,93.50,1,1,1,0,1,1,1,1,1,1,0,1
71,12/1/1934,102.9,103.3,102.70,0.00,102.90,0,0,0,0,0,0,1,1,0,0,1,0
72,1/2/1935,104,104.9,103.10,0.00,104.50,1,0,0,0,0,0,0,1,1,1,0,1
73,2/1/1935,101.7,102.1,101.10,0.00,101.50,0,0,0,0,0,0,0,0,1,0,0,0
74,3/1/1935,102.4,103.6,102.00,0.00,103.30,1,0,1,0,0,0,0,0,0,1,1,1
75,4/1/1935,100.8,101.6,100.70,0.00,101.20,0,0,0,0,0,0,0,0,0,0,1,0
76,5/1/1935,109.5,110.3,108.50,0.00,108.70,1,1,1,1,1,0,0,0,0,0,0,1
77,6/1/1935,110.2,110.2,108.60,0.00,109.70,1,1,1,1,1,1,0,0,0,0,0,0
78,7/1/1935,118.2,119.3,118.00,0.00,118.80,1,1,1,1,1,1,1,0,0,0,0,0
79,8/1/1935,126.2,126.9,125.20,0.00,125.90,1,1,1,1,1,1,1,1,0,0,0,0
80,9/3/1935,127.9,128.5,126.80,0.00,127.30,1,1,1,1,1,1,1,1,1,0,0,0
81,10/1/1935,131.9,133.2,131.20,0.00,131.50,1,1,1,1,1,1,1,1,1,1,0,0
82,11/1/1935,140.1,141.8,140.10,0.00,141.30,1,1,1,1,1,1,1,1,1,1,1,0
83,12/2/1935,142.4,143,140.40,0.00,140.70,0,1,1,1,1,1,1,1,1,1,1,1
84,1/2/1936,144.1,145.2,143.30,0.00,144.10,1,1,1,1,1,1,1,1,1,1,1,1
85,2/1/1936,149.5,150.9,149.20,0.00,149.60,1,1,1,1,1,1,1,1,1,1,1,1
86,3/2/1936,152.2,154.5,151.70,0.00,154.10,1,1,1,1,1,1,1,1,1,1,1,1
87,4/1/1936,157,159.4,157.00,0.00,159.00,1,1,1,1,1,1,1,1,1,1,1,1
88,5/1/1936,145.7,147.9,145.70,0.00,147.10,0,0,0,1,1,1,1,1,1,1,1,1
89,6/1/1936,152.6,154,152.60,0.00,152.80,1,0,0,1,1,1,1,1,1,1,1,1
90,7/1/1936,157.7,159.2,156.80,0.00,158.40,1,1,0,1,1,1,1,1,1,1,1,1
91,8/1/1936,164.9,165.8,164.60,0.00,165.40,1,1,1,1,1,1,1,1,1,1,1,1
92,9/1/1936,166.3,167.2,165.20,0.00,166.40,1,1,1,1,1,1,1,1,1,1,1,1
93,10/1/1936,167.8,168.8,167.50,0.00,168.30,1,1,1,1,1,1,1,1,1,1,1,1
94,11/2/1936,177.2,177.7,175.40,0.00,176.70,1,1,1,1,1,1,1,1,1,1,1,1
95,12/1/1936,183.2,183.6,181.60,0.00,182.10,1,1,1,1,1,1,1,1,1,1,1,1
96,1/2/1937,179.9,179.9,178.00,0.00,178.50,0,1,1,1,1,1,1,1,1,1,1,1
97,2/1/1937,185.7,187.8,185.10,0.00,186.60,1,1,1,1,1,1,1,1,1,1,1,1
98,3/1/1937,187.3,188.5,186.00,0.00,187.70,1,1,1,1,1,1,1,1,1,1,1,1
99,4/1/1937,186.4,186.6,184.40,0.00,185.20,0,0,1,1,1,1,1,1,1,1,1,1
100,5/1/1937,174.3,175.5,174.00,0.00,174.40,0,0,0,0,0,0,1,1,1,1,1,1
101,6/1/1937,172.7,172.7,170.70,0.00,171.60,0,0,0,0,0,0,0,1,1,1,1,1
102,7/1/1937,169.3,171.3,169.10,0.00,170.10,0,0,0,0,0,0,0,0,1,1,1,1
103,8/2/1937,185.6,187.3,185.40,0.00,186.90,1,1,1,1,0,1,1,1,1,1,1,1
104,9/1/1937,176.1,176.1,172.90,0.00,173.10,0,1,1,0,0,0,0,0,0,0,1,1
105,10/1/1937,154.6,155.1,152.50,0.00,153.90,0,0,0,0,0,0,0,0,0,0,0,0
106,11/1/1937,137,137,135.00,0.00,135.90,0,0,0,0,0,0,0,0,0,0,0,0
107,12/1/1937,123.5,124.1,121.40,0.00,122.10,0,0,0,0,0,0,0,0,0,0,0,0
108,1/3/1938,120.9,123.1,119.60,0.00,120.60,0,0,0,0,0,0,0,0,0,0,0,0
109,2/1/1938,122.7,124.7,122.70,0.00,124.00,1,1,0,0,0,0,0,0,0,0,0,0
110,3/1/1938,129.6,131,128.80,0.00,130.50,1,1,1,0,0,0,0,0,0,0,0,0
111,4/1/1938,101,103.4,101.00,0.00,103.00,0,0,0,0,0,0,0,0,0,0,0,0
112,5/2/1938,110.6,110.6,109.40,0.00,110.10,1,0,0,0,0,0,0,0,0,0,0,0
113,6/1/1938,107.7,110.9,107.60,0.00,110.60,1,1,0,0,0,0,0,0,0,0,0,0
114,7/1/1938,133.9,137.1,133.50,0.00,136.50,1,1,1,1,1,1,1,1,0,0,0,0
115,8/1/1938,141,141,139.80,0.00,140.40,1,1,1,1,1,1,1,1,1,0,0,0
116,9/1/1938,139.3,139.5,137.70,0.00,138.40,0,1,1,1,1,1,1,1,1,1,0,0
117,10/1/1938,141.6,143.3,141.60,0.00,143.10,1,1,1,1,1,1,1,1,1,1,1,0
118,11/1/1938,151.7,152.8,150.90,0.00,151.40,1,1,1,1,1,1,1,1,1,1,1,1
119,12/1/1938,149.8,150.2,148.20,0.00,148.60,0,1,1,1,1,1,1,1,1,1,1,1
120,1/3/1939,154.8,155,153.20,0.00,153.60,1,1,1,1,1,1,1,1,1,1,1,1
121,2/1/1939,143.5,143.5,141.90,0.00,142.40,0,0,0,0,1,1,1,1,1,1,1,1
122,3/1/1939,147.3,147.9,146.60,0.00,147.20,1,0,0,0,1,1,1,1,1,1,1,1
123,4/1/1939,131.8,133.8,130.00,0.00,132.80,0,0,0,0,0,0,0,0,0,1,1,1
124,5/1/1939,128.5,128.6,127.50,0.00,127.80,0,0,0,0,0,0,0,0,0,0,1,1
125,6/1/1939,137.4,137.4,135.50,0.00,136.20,1,1,0,0,0,0,0,0,0,0,0,1
126,7/1/1939,130.6,131.9,130.50,0.00,131.70,0,1,0,0,0,0,0,0,0,0,0,0
127,8/1/1939,143.3,143.9,142.50,0.00,143.40,1,1,1,1,0,1,0,0,0,1,1,1
128,9/1/1939,134.4,136,127.50,0.00,135.30,0,1,0,1,1,0,0,0,0,0,0,0
129,10/2/1939,152.4,152.4,150.70,0.00,151.40,1,1,1,1,1,1,1,1,0,1,1,1
130,11/1/1939,151.9,152.3,150.60,0.00,151.60,1,1,1,1,1,1,1,1,1,0,1,1
131,12/1/1939,145.7,146.9,145.50,0.00,146.50,0,0,1,1,1,1,1,1,0,1,0,0
132,1/2/1940,150.5,151.8,150.50,0.00,151.40,1,0,1,1,1,1,1,1,1,1,1,0
133,2/1/1940,145.3,145.6,144.70,0.00,145.20,0,0,0,0,1,1,1,1,1,1,0,1
134,3/1/1940,146.5,146.8,145.90,0.00,146.20,1,0,0,0,0,1,1,1,1,1,1,0
135,4/1/1940,148,148.4,147.50,0.00,147.70,1,1,0,1,0,0,1,1,1,1,1,1
136,5/1/1940,148.1,148.1,146.80,0.00,147.10,0,1,1,0,1,0,0,1,1,1,1,1
137,6/1/1940,116.2,116.4,115.40,0.00,115.70,0,0,0,0,0,0,0,0,0,0,0,0
138,7/1/1940,121.8,121.8,120.80,0.00,121.10,1,0,0,0,0,0,0,0,0,0,0,0
139,8/1/1940,126.1,126.9,125.60,0.00,126.10,1,1,0,0,0,0,0,0,0,0,0,0
140,9/3/1940,129.4,130.6,129.10,0.00,129.70,1,1,1,0,0,0,0,0,0,0,0,0
141,10/1/1940,133,135,133.00,0.00,134.30,1,1,1,1,0,0,0,0,0,0,0,0
142,11/1/1940,134.6,135.8,134.10,0.00,134.40,1,1,1,1,1,0,0,0,0,0,0,0
143,12/2/1940,131,132,130.50,0.00,130.90,0,0,1,1,1,1,0,0,0,0,0,0
144,1/2/1941,131.1,131.9,130.40,0.00,130.60,0,0,0,1,1,1,1,0,0,0,0,0
145,2/1/1941,124,124,122.30,0.00,123.30,0,0,0,0,0,0,1,1,0,0,0,0
146,3/1/1941,122,122.1,121.70,0.00,121.90,0,0,0,0,0,0,0,1,1,0,0,0
147,4/1/1941,122.9,123.6,122.90,0.00,123.30,1,1,0,0,0,0,0,0,1,1,0,0
148,5/1/1941,115.5,115.6,114.80,0.00,115.30,0,0,0,0,0,0,0,0,0,0,0,0
149,6/2/1941,115.8,116.5,115.50,0.00,116.20,1,0,0,0,0,0,0,0,0,0,0,1
150,7/1/1941,123.1,123.4,122.50,0.00,122.90,1,1,0,1,0,0,0,0,0,0,0,1
151,8/1/1941,128.7,128.7,127.60,0.00,128.20,1,1,1,1,1,1,0,0,0,0,0,1
152,9/2/1941,127.8,128.6,127.80,0.00,128.30,1,1,1,1,1,1,1,0,0,0,0,0
153,10/1/1941,126.8,127.2,126.40,0.00,126.90,0,0,1,1,1,1,1,1,0,0,0,0
154,11/1/1941,117.8,118.4,117.70,0.00,118.10,0,0,0,0,1,1,0,0,0,0,0,0
155,12/1/1941,114.2,114.9,113.10,0.00,113.60,0,0,0,0,0,0,0,0,0,0,0,0
156,1/2/1942,111,113,110.10,0.00,112.80,0,0,0,0,0,0,0,0,0,0,0,0
157,2/2/1942,109.1,109.7,109.10,0.00,109.50,0,0,0,0,0,0,0,0,0,0,0,0
158,3/2/1942,106.5,106.5,105.30,0.00,105.80,0,0,0,0,0,0,0,0,0,0,0,0
159,4/1/1942,99.5,100.2,99.30,0.00,100.00,0,0,0,0,0,0,0,0,0,0,0,0
160,5/1/1942,95.4,96.3,95.10,0.00,95.80,1,1,1,1,1,1,1,1,1,1,1,1
161,6/1/1942,101,101.8,101.00,0.00,101.40,0,1,0,0,0,0,0,0,0,0,0,0
162,7/1/1942,103.3,103.3,102.30,0.00,102.70,1,0,1,0,0,0,0,0,0,0,0,0
163,8/1/1942,105.7,106,105.60,0.00,105.90,1,1,0,1,1,0,0,0,0,0,0,0
164,9/1/1942,106.3,106.5,105.80,0.00,106.30,1,1,1,0,1,1,0,0,0,0,0,0
165,10/1/1942,109.2,109.9,109.20,0.00,109.70,1,1,1,1,0,1,1,1,0,0,0,0
166,11/2/1942,114.1,115.1,114.00,0.00,114.70,1,1,1,1,1,0,1,1,1,1,1,0
167,12/1/1942,114.5,115.1,114.10,0.00,114.60,0,1,1,1,1,1,0,1,1,1,1,1
168,1/2/1943,119.5,120.1,119.50,0.00,119.90,1,1,1,1,1,1,1,0,1,1,1,1
169,2/1/1943,125.6,126.2,124.90,0.00,125.90,1,1,1,1,1,1,1,1,0,1,1,1
170,3/1/1943,130.1,130.6,129.10,0.00,129.40,1,1,1,1,1,1,1,1,1,0,1,1
171,4/1/1943,136.6,137,135.90,0.00,136.60,1,1,1,1,1,1,1,1,1,1,0,1
172,5/1/1943,135.5,136.5,135.40,0.00,136.20,0,1,1,1,1,1,1,1,1,1,1,0
173,6/1/1943,142.1,142.9,141.70,0.00,142.40,1,1,1,1,1,1,1,1,1,1,1,1
174,7/1/1943,143.4,144,143.00,0.00,143.60,1,1,1,1,1,1,1,1,1,1,1,1
175,8/2/1943,136,136.5,133.90,0.00,134.00,0,0,0,0,1,1,1,1,1,1,1,1
176,9/1/1943,136.7,137.5,136.70,0.00,137.10,1,0,0,1,1,1,1,1,1,1,1,1
177,10/1/1943,140.1,140.6,139.90,0.00,140.30,1,1,0,0,1,1,1,1,1,1,1,1
178,11/1/1943,138.3,138.8,137.90,0.00,138.50,0,1,1,0,0,1,1,1,1,1,1,1
179,12/1/1943,129.8,131.2,129.80,0.00,130.70,0,0,0,0,0,0,0,0,1,1,1,1
180,1/3/1944,135.9,136.5,135.50,0.00,135.90,1,0,0,0,1,0,0,0,0,1,1,1
181,2/1/1944,137.2,137.7,137.10,0.00,137.50,1,1,0,0,1,1,0,0,1,1,1,1
182,3/1/1944,136.3,136.8,135.90,0.00,136.40,0,1,1,0,0,0,1,0,0,1,0,1
183,4/1/1944,138.8,139,138.70,0.00,138.80,1,1,1,1,1,0,1,1,0,0,1,1
184,5/1/1944,136.2,137.1,136.20,0.00,137.10,0,1,0,1,1,0,0,1,1,0,0,1
185,6/1/1944,142.2,142.9,142.00,0.00,142.10,1,1,1,1,1,1,1,1,1,1,0,0
186,7/1/1944,148.4,148.7,148.20,0.00,148.50,1,1,1,1,1,1,1,1,1,1,1,1
187,8/1/1944,146.1,146.9,145.90,0.00,146.40,0,1,1,1,1,1,1,1,1,1,1,1
188,9/1/1944,147,147.5,146.70,0.00,147.20,1,0,1,1,1,1,1,1,1,1,1,1
189,10/2/1944,146.7,147.3,146.40,0.00,146.90,0,1,0,1,1,1,1,1,1,1,1,1
190,11/1/1944,146.5,147.1,146.40,0.00,146.70,0,0,1,0,1,1,1,1,1,1,1,1
191,12/1/1944,147.3,147.7,146.80,0.00,147.30,1,1,1,1,0,1,1,1,1,1,1,1
192,1/2/1945,152.3,152.8,151.60,0.00,152.60,1,1,1,1,1,1,1,1,1,1,1,1
193,2/1/1945,153.7,154.2,153.20,0.00,153.80,1,1,1,1,1,1,1,1,1,1,1,1
194,3/1/1945,160.4,161.2,160.10,0.00,160.70,1,1,1,1,1,1,1,1,1,1,1,1
195,4/2/1945,154.5,156.1,154.50,0.00,155.90,0,1,1,1,1,1,1,1,1,1,1,1
196,5/1/1945,165.4,166.2,164.50,0.00,165.10,1,1,1,1,1,1,1,1,1,1,1,1
197,6/1/1945,168.3,168.5,167.50,0.00,168.10,1,1,1,1,1,1,1,1,1,1,1,1
198,7/2/1945,165.4,166.8,165.40,0.00,165.90,0,1,1,1,1,1,1,1,1,1,1,1
199,8/1/1945,162.9,163.2,162.30,0.00,162.70,0,0,0,1,1,1,1,1,1,1,1,1
200,9/4/1945,174.3,174.9,173.50,0.00,173.90,1,1,1,1,1,1,1,1,1,1,1,1
201,10/1/1945,181.9,183.9,181.90,0.00,183.40,1,1,1,1,1,1,1,1,1,1,1,1
202,11/1/1945,187,189.3,187.00,0.00,188.80,1,1,1,1,1,1,1,1,1,1,1,1
203,12/1/1945,191.5,192.7,191.50,0.00,192.40,1,1,1,1,1,1,1,1,1,1,1,1
204,1/2/1946,192.7,192.7,191.20,0.00,191.70,0,1,1,1,1,1,1,1,1,1,1,1
205,2/1/1946,204.7,206.1,203.70,0.00,205.80,1,1,1,1,1,1,1,1,1,1,1,1
206,3/1/1946,190.1,190.6,188.90,0.00,189.40,0,0,0,1,1,1,1,1,1,1,1,1
207,4/1/1946,199.8,200,198.50,0.00,199.20,1,0,1,1,1,1,1,1,1,1,1,1
208,5/1/1946,206.6,206.6,205.10,0.00,205.70,1,1,0,1,1,1,1,1,1,1,1,1
209,6/3/1946,212.3,212.5,210.90,0.00,211.50,1,1,1,1,1,1,1,1,1,1,1,1
210,7/1/1946,205.8,208.6,205.80,0.00,206.50,0,1,1,1,1,1,1,1,1,1,1,1
211,8/1/1946,201.6,203,201.30,0.00,202.30,0,0,0,1,1,0,1,1,1,1,1,1
212,9/3/1946,188.2,188.2,177.50,0.00,178.70,0,0,0,0,0,0,0,0,0,0,0,1
213,10/1/1946,172.4,172.4,170.40,0.00,171.50,0,0,0,0,0,0,0,0,0,0,0,0
214,11/1/1946,169.5,172.3,169.50,0.00,171.80,1,0,0,0,0,0,0,0,0,0,0,0
215,12/2/1946,169.1,169.1,166.70,0.00,167.50,0,0,0,0,0,0,0,0,0,0,0,0
216,1/2/1947,177.2,177.8,176.00,0.00,176.40,1,1,1,0,0,0,0,0,0,0,0,0
217,2/1/1947,180.4,181.2,180.00,0.00,180.90,1,1,1,1,1,0,0,0,0,0,0,0
218,3/1/1947,178.9,179.6,178.60,0.00,179.30,0,1,1,1,1,1,0,0,0,0,0,0
219,4/1/1947,177.2,177.7,176.20,0.00,177.50,0,0,1,1,1,1,0,0,0,0,0,0
220,5/1/1947,170.6,172.7,170.60,0.00,171.90,0,0,0,0,1,1,1,0,0,0,0,0
221,6/2/1947,168.7,168.7,167.40,0.00,168.00,0,0,0,0,0,1,0,0,0,0,0,0
222,7/1/1947,177.5,180.4,177.50,0.00,180.30,1,1,1,1,0,1,1,1,1,1,0,0
223,8/1/1947,183.2,184.4,182.40,0.00,183.80,1,1,1,1,1,1,1,1,1,1,1,0
224,9/2/1947,178.9,180.6,178.60,0.00,179.80,0,0,1,1,1,1,0,1,1,1,1,1
225,10/1/1947,177.5,178.9,176.70,0.00,178.10,0,0,0,1,1,1,0,0,1,1,1,1
226,11/1/1947,182,182.7,182.00,0.00,182.50,1,1,0,1,1,1,1,1,1,1,1,1
227,12/1/1947,179.4,181.1,179.10,0.00,180.60,0,1,1,0,1,1,1,1,1,0,1,1
228,1/2/1948,181.2,181.5,180.00,0.00,181.00,1,0,1,1,0,1,1,1,1,1,1,1
229,2/2/1948,175.1,176.1,174.60,0.00,174.90,0,0,0,0,0,0,0,1,1,0,0,0
230,3/1/1948,167.5,168.6,167.50,0.00,168.10,0,0,0,0,0,0,0,0,1,0,0,0
231,4/1/1948,177.2,178.1,176.10,0.00,177.60,1,1,0,0,0,0,0,0,0,1,1,1
232,5/1/1948,180.5,180.6,180.00,0.00,180.30,1,1,1,0,0,0,1,1,0,1,1,1
233,6/1/1948,190.7,192,190.30,0.00,191.20,1,1,1,1,1,1,1,1,1,1,1,1
234,7/1/1948,189.5,189.9,188.40,0.00,189.00,0,1,1,1,1,1,1,1,1,1,1,1
235,8/2/1948,181.3,182.6,180.60,0.00,181.10,0,0,1,1,1,1,1,1,0,1,1,0
236,9/1/1948,181.7,184,181.40,0.00,183.60,1,0,0,1,1,1,1,1,1,1,1,1
237,10/1/1948,178.3,180.1,178.20,0.00,179.90,0,0,0,0,0,1,1,1,0,0,0,1
238,11/1/1948,188.6,190.5,188.40,0.00,189.80,1,1,1,1,0,1,1,1,1,1,1,1
239,12/1/1948,171.7,174,171.70,0.00,173.20,0,0,0,0,0,0,0,0,1,0,0,0
240,1/3/1949,177,177,174.40,0.00,175.00,1,0,0,0,0,0,0,0,0,1,1,0
241,2/1/1949,179.1,180.6,178.90,0.00,180.40,1,1,0,1,0,0,0,0,1,1,1,1
242,3/1/1949,173.4,174.6,173.40,0.00,174.20,0,0,1,0,0,0,0,0,0,0,0,1
243,4/1/1949,177,177,175.90,0.00,176.30,1,0,1,1,0,0,0,0,0,0,0,0
244,5/2/1949,174.2,175.1,173.90,0.00,174.50,0,1,0,0,1,0,0,0,0,0,0,0
245,6/1/1949,168.4,168.5,166.50,0.00,168.00,0,0,0,0,0,0,0,0,0,0,0,0
246,7/1/1949,167.4,168.6,166.90,0.00,168.20,1,0,0,0,0,0,0,0,0,0,0,0
247,8/1/1949,175.9,177.2,175.70,0.00,176.80,1,1,1,1,1,0,1,1,0,0,0,0
248,9/1/1949,178.7,180.2,178.50,0.00,179.50,1,1,1,1,1,1,0,1,1,0,0,0
249,10/1/1949,182.2,182.2,181.70,0.00,182.00,1,1,1,1,1,1,1,1,1,1,0,1
250,11/1/1949,189.5,191.7,189.30,0.00,191.20,1,1,1,1,1,1,1,1,1,1,1,1
251,12/1/1949,191.6,193.1,191.10,0.00,192.70,1,1,1,1,1,1,1,1,1,1,1,1
252,1/3/1950,200.1,200.2,197.70,0.00,198.90,1,1,1,1,1,1,1,1,1,1,1,1
253,2/1/1950,201.8,203,201.40,0.00,201.90,1,1,1,1,1,1,1,1,1,1,1,1
254,3/1/1950,203.4,204,202.20,0.00,203.60,1,1,1,1,1,1,1,1,1,1,1,1
255,4/1/1950,206.1,206.5,205.70,0.00,206.40,1,1,1,1,1,1,1,1,1,1,1,1
256,5/1/1950,214.3,216.4,214.10,0.00,215.80,1,1,1,1,1,1,1,1,1,1,1,1
257,6/1/1950,223.4,224.1,222.40,0.00,223.20,1,1,1,1,1,1,1,1,1,1,1,1
258,7/3/1950,209.1,209.5,205.90,0.00,208.40,0,0,1,1,1,1,1,1,1,1,1,1
259,8/1/1950,209.6,213,209.60,0.00,211.90,1,0,0,1,1,1,1,1,1,1,1,1
260,9/1/1950,217.1,219,217.10,0.00,218.40,1,1,0,1,1,1,1,1,1,1,1,1
261,10/2/1950,226.5,229.6,226.50,0.00,228.90,1,1,1,1,1,1,1,1,1,1,1,1
262,11/1/1950,225,226.8,223.10,0.00,225.70,0,1,1,1,1,1,1,1,1,1,1,1
263,12/1/1950,227.6,230.4,227.10,0.00,228.90,1,1,1,1,1,1,1,1,1,1,1,1
264,1/2/1951,235.4,240.5,234.90,0.00,239.90,1,1,1,1,1,1,1,1,1,1,1,1
265,2/1/1951,248.8,251.2,247.00,0.00,250.80,1,1,1,1,1,1,1,1,1,1,1,1
266,3/1/1951,252.1,253.7,251.00,0.00,252.80,1,1,1,1,1,1,1,1,1,1,1,1
267,4/2/1951,247.8,247.8,245.00,0.00,246.70,0,0,1,1,1,1,1,1,1,1,1,1
268,5/1/1951,259.1,261.8,258.20,0.00,260.70,1,1,1,1,1,1,1,1,1,1,1,1
269,6/1/1951,249.7,250.2,247.90,0.00,249.30,0,1,0,0,1,1,1,1,1,1,1,1
270,7/2/1951,242.7,244.9,241.10,0.00,244.00,0,0,0,0,0,1,1,1,1,1,1,1
271,8/1/1951,257.9,260.7,256.80,0.00,259.90,1,1,0,1,1,1,1,1,1,1,1,1
272,9/4/1951,270.3,272.3,269.50,0.00,270.60,1,1,1,1,1,1,1,1,1,1,1,1
273,10/1/1951,271.2,273.3,270.20,0.00,272.60,1,1,1,1,1,1,1,1,1,1,1,1
274,11/1/1951,262.4,265.8,261.90,0.00,264.10,0,0,1,1,1,1,1,1,1,1,1,1
275,12/1/1951,261.6,262.7,261.60,0.00,262.30,0,0,0,1,1,1,1,1,1,1,1,1
276,1/2/1952,269.2,271,268.20,0.00,269.90,1,1,0,0,1,1,1,1,1,1,1,1
277,2/1/1952,270.7,272.9,269.90,0.00,271.70,1,1,1,0,1,1,1,1,1,1,1,1
278,3/1/1952,260.1,260.5,259.60,0.00,260.30,0,0,0,0,0,0,1,1,1,0,1,1
279,4/1/1952,269.5,269.8,266.40,0.00,267.20,1,0,0,1,1,0,0,1,1,1,1,1
280,5/1/1952,257.4,257.4,254.70,0.00,256.40,0,0,0,0,0,0,0,0,0,1,1,0
281,6/2/1952,262.9,264.6,261.50,0.00,262.30,1,0,1,0,0,1,0,0,0,1,1,1
282,7/1/1952,274.3,276.3,273.90,0.00,275.50,1,1,1,1,1,1,1,1,1,1,1,1
283,8/1/1952,279.6,280.5,278.80,0.00,279.80,1,1,1,1,1,1,1,1,1,1,1,1
284,9/2/1952,275.1,277.3,275.10,0.00,276.40,0,1,1,1,1,1,1,1,1,1,1,1
285,10/1/1952,270.6,271.1,269.20,0.00,270.20,0,0,0,1,1,1,1,0,1,1,1,0
286,11/3/1952,269.2,271.5,268.80,0.00,270.20,1,0,0,0,1,1,1,1,0,1,1,1
287,12/1/1952,283.7,285.2,282.60,0.00,283.70,1,1,1,1,1,1,1,1,1,1,1,1
288,1/2/1953,291.9,293.6,290.30,0.00,292.10,1,1,1,1,1,1,1,1,1,1,1,1
289,2/2/1953,290,290.9,288.00,0.00,290.00,0,1,1,1,1,1,1,1,1,1,1,1
290,3/2/1953,284.3,285.7,283.10,0.00,284.70,0,0,1,1,1,1,1,1,1,1,1,1
291,4/1/1953,279.9,281.5,277.50,0.00,280.10,0,0,0,0,1,1,1,1,1,1,1,1
292,5/1/1953,274.8,276.3,273.60,0.00,275.70,0,0,0,0,0,1,1,0,0,1,1,1
293,6/1/1953,272.3,272.6,267.90,0.00,268.40,0,0,0,0,0,0,0,0,0,0,0,1
294,7/1/1953,268.3,269.9,267.50,0.00,269.40,1,0,0,0,0,0,0,0,0,0,0,0
295,8/3/1953,275.4,277.2,274.70,0.00,276.10,1,1,1,0,0,0,0,0,1,1,0,0
296,9/1/1953,261.2,263.2,260.30,0.00,262.50,0,0,0,0,0,0,0,0,0,0,0,0
297,10/1/1953,264,266.5,263.80,0.00,265.70,1,0,0,0,0,0,0,0,0,0,0,0
298,11/2/1953,275.8,278.2,274.80,0.00,276.70,1,1,1,1,1,1,0,0,0,0,0,1
299,12/1/1953,281.4,282.1,279.50,0.00,281.10,1,1,1,1,1,1,1,1,0,0,0,0
300,1/4/1954,280.9,283.5,279.70,0.00,282.90,1,1,1,1,1,1,1,1,1,0,0,0
301,2/1/1954,292.4,293.5,290.50,0.00,291.80,1,1,1,1,1,1,1,1,1,1,1,1
302,3/1/1954,294.5,297.8,294.20,0.00,296.60,1,1,1,1,1,1,1,1,1,1,1,1
303,4/1/1954,303.5,307.3,303.20,0.00,306.30,1,1,1,1,1,1,1,1,1,1,1,1
304,5/3/1954,319.3,320.9,317.40,0.00,319.40,1,1,1,1,1,1,1,1,1,1,1,1
305,6/1/1954,327.5,329.5,326.20,0.00,328.70,1,1,1,1,1,1,1,1,1,1,1,1
306,7/1/1954,333.5,335.4,330.70,0.00,334.10,1,1,1,1,1,1,1,1,1,1,1,1
307,8/2/1954,347.9,351.3,346.20,0.00,349.60,1,1,1,1,1,1,1,1,1,1,1,1
308,9/1/1954,335.8,340.4,335.00,0.00,338.10,0,1,1,1,1,1,1,1,1,1,1,1
309,10/1/1954,360.5,361.6,358.60,0.00,359.90,1,1,1,1,1,1,1,1,1,1,1,1
310,11/1/1954,352.1,354.9,350.20,0.00,354.00,0,1,1,1,1,1,1,1,1,1,1,1
311,12/1/1954,386.8,388.7,381.80,0.00,384.00,1,1,1,1,1,1,1,1,1,1,1,1
312,1/3/1955,404.4,412.5,403.60,0.00,408.90,1,1,1,1,1,1,1,1,1,1,1,1
313,2/1/1955,408.8,411.6,406.70,0.00,409.70,1,1,1,1,1,1,1,1,1,1,1,1
314,3/1/1955,411.9,416.1,411.20,0.00,413.70,1,1,1,1,1,1,1,1,1,1,1,1
315,4/1/1955,409.8,414.8,409.80,0.00,413.80,1,1,1,1,1,1,1,1,1,1,1,1
316,5/2/1955,425.7,428.3,424.00,0.00,426.30,1,1,1,1,1,1,1,1,1,1,1,1
317,6/1/1955,424.9,426.8,422.50,0.00,424.90,0,1,1,1,1,1,1,1,1,1,1,1
318,7/1/1955,451.4,456.1,449.50,0.00,453.80,1,1,1,1,1,1,1,1,1,1,1,1
319,8/1/1955,465.9,467.5,458.70,0.00,460.30,1,1,1,1,1,1,1,1,1,1,1,1
320,9/1/1955,468.2,471.5,467.40,0.00,469.60,1,1,1,1,1,1,1,1,1,1,1,1
321,10/3/1955,465.4,465.4,454.90,0.00,455.70,0,0,1,1,1,1,1,1,1,1,1,1
322,11/1/1955,454.9,456.8,452.90,0.00,454.90,0,0,0,1,1,1,1,1,1,1,1,1
323,12/1/1955,483.3,485.5,480.00,0.00,481.40,1,1,1,1,1,1,1,1,1,1,1,1
324,1/3/1956,488.4,490.9,484.30,0.00,485.80,1,1,1,1,1,1,1,1,1,1,1,1
325,2/1/1956,470.7,475.4,470.70,0.00,473.30,0,0,1,1,1,1,1,1,1,1,1,1
326,3/1/1956,483.7,488,483.60,0.00,486.70,1,1,1,1,1,1,1,1,1,1,1,1
327,4/2/1956,511.8,519.1,510.70,0.00,515.10,1,1,1,1,1,1,1,1,1,1,1,1
328,5/1/1956,516.1,516.9,511.20,0.00,514.00,0,1,1,1,1,1,1,1,1,1,1,1
329,6/1/1956,478.1,481.5,475.50,0.00,480.60,0,0,0,1,0,0,1,1,1,1,1,1
330,7/2/1956,492.8,493.7,488.40,0.00,491.90,1,0,0,1,1,1,1,1,1,1,1,1
331,8/1/1956,517.8,521.5,515.60,0.00,518.70,1,1,1,1,1,1,1,1,1,1,1,1
332,9/4/1956,502,508.3,501.20,0.00,507.70,0,1,1,0,0,1,1,1,1,1,1,1
333,10/1/1956,475.3,485.4,463.80,0.00,468.70,0,0,0,0,0,0,0,0,0,0,1,1
334,11/1/1956,480.2,488.7,480.20,0.00,487.60,1,0,0,0,1,0,0,1,1,1,1,1
335,12/3/1956,474.3,482.8,474.30,0.00,480.60,0,1,0,0,0,1,0,0,0,1,0,0
336,1/2/1957,499.5,501,492.10,0.00,496.00,1,1,1,0,0,1,1,0,0,1,1,1
337,2/1/1957,479.2,479.8,474.40,0.00,477.20,0,0,0,1,0,0,0,0,0,0,0,1
338,3/1/1957,464.6,469.8,463.40,0.00,468.90,0,0,0,0,1,0,0,0,0,0,0,0
339,4/1/1957,474.8,486.8,473.10,0.00,475.00,1,0,0,0,0,1,0,0,0,0,0,0
340,5/1/1957,494.4,498,493.10,0.00,495.80,1,1,1,0,1,1,1,0,0,1,1,0
341,6/3/1957,504.9,508,500.50,0.00,503.80,1,1,1,1,1,1,1,1,0,0,1,1
342,7/1/1957,503.3,506.2,500.80,0.00,503.30,0,1,1,1,1,1,1,1,1,0,0,1
343,8/1/1957,508.5,510,504.70,0.00,506.20,1,1,1,1,1,1,1,1,1,1,0,0
344,9/3/1957,484.4,487.6,481.30,0.00,486.10,0,0,0,0,1,1,1,0,1,0,1,0
345,10/1/1957,456.3,461.9,455.60,0.00,460.80,0,0,0,0,0,0,0,0,0,0,0,0
346,11/1/1957,438.8,438.8,431.50,0.00,434.70,0,0,0,0,0,0,0,0,0,0,0,0
347,12/2/1957,449.9,452.2,444.20,0.00,446.90,1,0,0,0,0,0,0,0,0,0,0,0
348,1/2/1958,435.7,441.4,435.50,0.00,439.30,0,1,0,0,0,0,0,0,0,0,0,0
349,2/3/1958,450,455.1,449.50,0.00,454.00,1,1,1,0,0,0,0,0,0,0,0,0
350,3/3/1958,439.9,444.6,439.20,0.00,444.40,0,1,0,1,0,0,0,0,0,0,0,0
351,4/1/1958,446.8,447.8,443.30,0.00,445.50,1,0,1,0,1,0,0,0,0,0,0,0
352,5/1/1958,455.9,460.2,455.00,0.00,457.00,1,1,1,1,1,1,0,0,0,0,0,0
353,6/2/1958,462.7,468.6,462.70,0.00,466.10,1,1,1,1,1,1,1,1,0,0,0,0
354,7/1/1958,478.2,480.6,476.80,0.00,478.80,1,1,1,1,1,1,1,1,1,0,0,0
355,8/1/1958,503,507.4,501.60,0.00,505.40,1,1,1,1,1,1,1,1,1,1,1,0
356,9/2/1958,508.6,513.1,508.40,0.00,511.80,1,1,1,1,1,1,1,1,1,1,1,1
357,10/1/1958,532.1,533.9,527.70,0.00,530.90,1,1,1,1,1,1,1,1,1,1,1,1
358,11/3/1958,543.2,547.2,540.30,0.00,545.20,1,1,1,1,1,1,1,1,1,1,1,1
359,12/1/1958,557.5,563.3,555.50,0.00,560.10,1,1,1,1,1,1,1,1,1,1,1,1
360,1/2/1959,583.7,590.4,580.80,0.00,587.60,1,1,1,1,1,1,1,1,1,1,1,1
361,2/2/1959,594,597.7,589.10,0.00,592.20,1,1,1,1,1,1,1,1,1,1,1,1
362,3/2/1959,603.5,608.8,600.90,0.00,605.00,1,1,1,1,1,1,1,1,1,1,1,1
363,4/1/1959,601.7,607,599.70,0.00,602.90,0,1,1,1,1,1,1,1,1,1,1,1
364,5/1/1959,623.8,628.1,620.50,0.00,625.10,1,1,1,1,1,1,1,1,1,1,1,1
365,6/1/1959,643.8,648.7,640.30,0.00,643.50,1,1,1,1,1,1,1,1,1,1,1,1
366,7/1/1959,643.6,654,643.60,0.00,650.90,1,1,1,1,1,1,1,1,1,1,1,1
367,8/3/1959,674.9,683.9,673.90,0.00,678.10,1,1,1,1,1,1,1,1,1,1,1,1
368,9/1/1959,664.4,665,652.70,0.00,655.90,0,1,1,1,1,1,1,1,1,1,1,1
369,10/1/1959,631.7,635.7,625.40,0.00,633.60,0,0,0,0,1,1,1,1,1,1,1,1
370,11/2/1959,646.6,650.9,642.20,0.00,645.50,1,0,0,0,1,1,1,1,1,1,1,1
371,12/1/1959,660,668.7,660.00,0.00,664.40,1,1,1,0,1,1,1,1,1,1,1,1
372,1/4/1960,679.4,688.2,677.40,0.00,679.10,1,1,1,1,1,1,1,1,1,1,1,1
373,2/1/1960,622.6,630.8,619.70,0.00,626.20,0,0,0,0,0,0,0,0,1,1,1,1
374,3/1/1960,630.1,632.7,623.80,0.00,626.90,1,0,0,0,0,0,0,0,0,1,1,1
375,4/1/1960,616.6,619.9,612.90,0.00,616.00,0,0,0,0,0,0,0,0,0,0,0,1
376,5/2/1960,601.7,605.5,596.60,0.00,599.60,0,0,0,0,0,0,0,0,0,0,0,0
377,6/1/1960,625.5,629.9,620.60,0.00,624.90,1,1,0,0,0,0,0,0,0,0,0,0
378,7/1/1960,640.6,644.7,636.60,0.00,641.30,1,1,1,1,1,0,0,0,1,0,0,0
379,8/1/1960,616.7,622.4,613.40,0.00,617.90,0,0,1,1,0,0,0,0,0,0,0,0
380,9/1/1960,626,631,622.80,0.00,626.10,1,0,1,1,1,0,0,0,0,0,0,0
381,10/3/1960,580.1,583,574.30,0.00,577.80,0,0,0,0,0,0,0,0,0,0,0,0
382,11/1/1960,580.4,589.4,579.40,0.00,585.20,1,0,0,0,0,0,0,0,0,0,0,0
383,12/1/1960,597.2,598.2,589.80,0.00,594.60,1,1,0,0,0,0,0,0,0,0,0,0
384,1/3/1961,606.1,616.7,606.10,0.00,610.30,1,1,1,0,0,0,0,1,0,0,0,0
385,2/1/1961,648.2,652.8,643.70,0.00,649.40,1,1,1,1,1,1,1,1,1,1,1,1
386,3/1/1961,662.1,666.3,657.10,0.00,663.00,1,1,1,1,1,1,1,1,1,1,1,1
387,4/3/1961,676.6,684.3,673.00,0.00,677.60,1,1,1,1,1,1,1,1,1,1,1,1
388,5/1/1961,678.7,683.2,673.00,0.00,677.10,0,1,1,1,1,1,1,1,1,1,1,1
389,6/1/1961,696.7,700.9,691.40,0.00,695.40,1,1,1,1,1,1,1,1,1,1,1,1
390,7/3/1961,684,691.5,681.90,0.00,689.80,0,1,1,1,1,1,1,1,1,1,1,1
391,8/1/1961,705.4,716,702.20,0.00,713.90,1,1,1,1,1,1,1,1,1,1,1,1
392,9/1/1961,719.9,725,716.30,0.00,721.20,1,1,1,1,1,1,1,1,1,1,1,1
393,10/2/1961,701.2,705,695.60,0.00,699.80,0,0,1,1,1,1,1,1,1,1,1,1
394,11/1/1961,703.9,708.1,700.10,0.00,703.80,1,0,0,1,1,1,1,1,1,1,1,1
395,12/1/1961,721.6,732,719.70,0.00,728.80,1,1,1,1,1,1,1,1,1,1,1,1
396,1/2/1962,731.1,734.4,721.40,0.00,724.70,0,1,1,1,1,1,1,1,1,1,1,1
397,2/1/1962,700,707.4,696.10,0.00,702.50,0,0,0,1,0,0,1,1,1,1,1,1
398,3/1/1962,708.1,715.9,706.70,0.00,711.80,1,0,0,1,1,0,0,1,1,1,1,1
399,4/2/1962,707,709.7,702.90,0.00,705.40,0,1,0,0,1,1,0,0,1,1,1,1
400,5/1/1962,665.3,673.6,655.40,0.00,671.20,0,0,0,0,0,0,0,0,0,0,0,0
401,6/1/1962,613.4,616.5,603.60,0.00,611.10,0,0,0,0,0,0,0,0,0,0,0,0
402,7/2/1962,561.3,576.6,557.30,0.00,573.80,0,0,0,0,0,0,0,0,0,0,0,0
403,8/1/1962,597.6,597.6,588.70,0.00,591.40,1,0,0,0,0,0,0,0,0,0,0,0
404,9/4/1962,609.2,612.4,601.30,0.00,602.50,1,1,0,0,0,0,0,0,0,0,0,0
405,10/1/1962,579,579.9,569.20,0.00,572.00,0,0,0,0,0,0,0,0,0,0,0,0
406,11/1/1962,589.8,599.6,582.70,0.00,597.10,1,0,1,1,0,0,0,0,0,0,0,0
407,12/3/1962,649.3,651.2,642.10,0.00,646.40,1,1,1,1,1,1,0,0,0,0,0,0
408,1/2/1963,652.1,654.5,643.60,0.00,646.80,1,1,1,1,1,1,1,0,0,0,0,0
409,2/1/1963,682.9,686.6,679.20,0.00,683.20,1,1,1,1,1,1,1,1,1,0,0,0
410,3/1/1963,662.9,667.6,656.70,0.00,659.70,0,1,1,1,1,1,1,1,1,0,0,0
411,4/1/1963,682.5,689.3,680.60,0.00,685.90,1,1,1,1,1,1,1,1,1,1,1,0
412,5/1/1963,717.7,723.9,716.40,0.00,719.70,1,1,1,1,1,1,1,1,1,1,1,1
413,6/3/1963,727,731.6,723.60,0.00,726.30,1,1,1,1,1,1,1,1,1,1,1,1
414,7/1/1963,706.9,709.1,698.90,0.00,701.40,0,0,1,1,1,1,1,1,1,1,1,1
415,8/1/1963,695.4,699.2,691.20,0.00,694.90,0,0,0,1,1,1,1,1,1,1,1,1
416,9/3/1963,729.3,735.5,728.80,0.00,732.00,1,1,1,1,1,1,1,1,1,1,1,1
417,10/1/1963,732.8,742.6,732.50,0.00,738.30,1,1,1,1,1,1,1,1,1,1,1,1
418,11/1/1963,755.2,759.6,750.30,0.00,753.70,1,1,1,1,1,1,1,1,1,1,1,1
419,12/2/1963,750.5,758,746.80,0.00,751.90,0,1,1,1,1,1,1,1,1,1,1,1
420,1/2/1964,763,770.7,760.30,0.00,766.10,1,1,1,1,1,1,1,1,1,1,1,1
421,2/3/1964,785.3,789.9,780.30,0.00,784.70,1,1,1,1,1,1,1,1,1,1,1,1
422,3/2/1964,800.1,807.2,798.10,0.00,802.80,1,1,1,1,1,1,1,1,1,1,1,1
423,4/1/1964,813.3,819.2,809.80,0.00,816.10,1,1,1,1,1,1,1,1,1,1,1,1
424,5/1/1964,810.8,819.4,808.60,0.00,817.10,1,1,1,1,1,1,1,1,1,1,1,1
425,6/1/1964,820.6,824.9,815.80,0.00,818.60,1,1,1,1,1,1,1,1,1,1,1,1
426,7/1/1964,831.5,839.9,829.30,0.00,838.10,1,1,1,1,1,1,1,1,1,1,1,1
427,8/3/1964,841.1,844.3,837.50,0.00,840.40,1,1,1,1,1,1,1,1,1,1,1,1
428,9/1/1964,838.5,846.1,836.60,0.00,844.00,1,1,1,1,1,1,1,1,1,1,1,1
429,10/1/1964,875.4,878.2,869.80,0.00,872.00,1,1,1,1,1,1,1,1,1,1,1,1
430,11/2/1964,873.1,878.1,867.60,0.00,875.50,1,1,1,1,1,1,1,1,1,1,1,1
431,12/1/1964,875.4,878,863.00,0.00,864.40,0,0,1,1,1,1,1,1,1,1,1,1
432,1/4/1965,874.1,877.2,865.10,0.00,869.80,1,0,0,1,1,1,1,1,1,1,1,1
433,2/1/1965,902.9,908.3,898.00,0.00,903.70,1,1,1,1,1,1,1,1,1,1,1,1
434,3/1/1965,903.5,907.4,895.60,0.00,899.80,0,1,1,1,1,1,1,1,1,1,1,1
435,4/1/1965,889.1,895,886.80,0.00,890.30,0,0,1,1,1,1,1,1,1,1,1,1
436,5/3/1965,922.3,927,916.70,0.00,922.10,1,1,1,1,1,1,1,1,1,1,1,1
437,6/1/1965,918,921.9,907.00,0.00,908.50,0,1,1,1,1,1,1,1,1,1,1,1
438,7/1/1965,868,873.8,861.90,0.00,871.60,0,0,0,0,0,1,1,0,0,1,1,1
439,8/2/1965,881.7,888.1,876.50,0.00,881.90,1,0,0,0,0,0,1,1,1,1,1,1
440,9/1/1965,893.1,897.9,887.00,0.00,893.60,1,1,0,0,1,0,0,1,1,1,1,1
441,10/1/1965,930.6,936.1,923.20,0.00,929.70,1,1,1,1,1,1,1,1,1,1,1,1
442,11/1/1965,960.8,964.4,953.60,0.00,959.00,1,1,1,1,1,1,1,1,1,1,1,1
443,12/1/1965,946.7,953,941.80,0.00,947.60,0,1,1,1,1,1,1,1,1,1,1,1
444,1/3/1966,969.3,974.6,961.90,0.00,968.50,1,1,1,1,1,1,1,1,1,1,1,1
445,2/1/1966,983.5,987.5,969.40,0.00,975.90,1,1,1,1,1,1,1,1,1,1,1,1
446,3/1/1966,951.9,955.2,935.50,0.00,938.20,0,0,0,0,1,1,1,1,1,1,1,1
447,4/1/1966,924.8,936.3,921.80,0.00,931.30,0,0,0,0,0,1,1,1,1,1,1,1
448,5/2/1966,933.7,939.6,926.60,0.00,932.00,1,0,0,0,0,0,1,1,1,1,1,1
449,6/1/1966,884.1,888.5,877.30,0.00,883.60,0,0,0,0,0,0,0,0,0,1,1,0
450,7/1/1966,870.1,884,869.90,0.00,877.10,0,0,0,0,0,0,0,0,0,0,0,1
451,8/1/1966,846.6,846.6,830.80,0.00,835.20,0,0,0,0,0,0,0,0,0,0,0,0
452,9/1/1966,788.4,798.9,782.10,0.00,792.10,0,0,0,0,0,0,0,0,0,0,0,0
453,10/3/1966,774.2,778.1,756.80,0.00,758.00,0,0,0,0,0,0,0,0,0,0,0,0
454,11/1/1966,807.1,814.3,800.30,0.00,809.60,1,1,0,0,0,0,0,0,0,0,0,0
455,12/1/1966,791.6,797.9,785.60,0.00,789.80,0,1,0,0,0,0,0,0,0,0,0,0
456,1/3/1967,785.7,800.6,782.30,0.00,786.40,0,0,1,0,0,0,0,0,0,0,0,0
457,2/1/1967,849.9,854.5,842.50,0.00,848.40,1,1,1,1,1,1,0,0,0,0,0,0
458,3/1/1967,839.4,852.1,836.50,0.00,843.50,0,1,1,1,1,1,1,0,0,0,0,0
459,4/3/1967,866,868.4,854.50,0.00,860.00,1,1,1,1,1,1,1,1,0,0,0,0
460,5/1/1967,897.1,900.5,887.80,0.00,892.90,1,1,1,1,1,1,1,1,1,1,1,0
461,6/1/1967,852.6,869.6,850.60,0.00,865.00,0,1,1,1,1,1,1,1,1,1,0,0
462,7/3/1967,860.3,864.6,853.20,0.00,859.70,0,0,0,1,1,1,1,1,1,1,1,0
463,8/1/1967,904.2,917.2,900.30,0.00,913.00,1,1,1,1,1,1,1,1,1,1,1,1
464,9/1/1967,901.3,906.8,894.20,0.00,901.20,0,1,1,1,1,1,1,1,1,1,1,1
465,10/2/1967,926.7,930.4,915.90,0.00,921.00,1,1,1,1,1,1,1,1,1,1,1,1
466,11/1/1967,879.7,881,863.40,0.00,867.10,0,0,0,1,1,0,1,1,1,1,1,1
467,12/1/1967,875.8,882.7,868.80,0.00,879.20,1,0,0,0,1,1,0,1,1,1,1,1
468,1/2/1968,905.1,914.3,897.50,0.00,906.80,1,1,0,1,0,1,1,1,1,1,1,1
469,2/1/1968,855.5,864.9,850.60,0.00,861.40,0,0,0,0,0,0,1,0,0,1,1,1
470,3/1/1968,840.5,845.2,836.10,0.00,840.40,0,0,0,0,0,0,0,0,0,0,0,0
471,4/1/1968,849.2,870.9,849.20,0.00,861.30,1,0,0,0,0,0,0,0,1,0,0,1
472,5/1/1968,912.2,919.9,902.50,0.00,913.20,1,1,1,1,1,1,0,1,1,1,1,1
473,6/3/1968,899,912.1,893.20,0.00,905.40,0,1,1,1,0,1,1,0,1,0,1,1
474,7/1/1968,897.8,904.1,889.70,0.00,896.40,0,0,1,1,1,0,1,1,0,0,0,1
475,8/1/1968,883,892,874.90,0.00,878.10,0,0,0,1,1,1,0,0,1,0,0,0
476,9/3/1968,896,905,892.60,0.00,900.40,1,1,0,0,1,1,1,0,1,1,0,0
477,10/1/1968,935.8,948.7,932.90,0.00,942.30,1,1,1,1,1,1,1,1,1,1,1,1
478,11/1/1968,952.4,961.2,941.90,0.00,948.40,1,1,1,1,1,1,1,1,1,1,1,1
479,12/2/1968,985.1,994.7,974.80,0.00,983.30,1,1,1,1,1,1,1,1,1,1,1,1
480,1/2/1969,943.8,956.4,940.40,0.00,947.70,0,0,1,1,1,1,1,1,1,1,1,1
481,2/3/1969,946.1,953,936.40,0.00,946.90,0,0,0,1,1,1,1,1,1,1,1,1
482,3/3/1969,905.2,914,902.00,0.00,908.60,0,0,0,0,0,1,1,1,1,0,1,1
483,4/1/1969,935.5,942.2,928.40,0.00,933.10,1,0,0,0,0,0,1,1,1,1,1,1
484,5/1/1969,950.2,958.7,942.70,0.00,949.20,1,1,1,1,0,1,1,1,1,1,1,1
485,6/2/1969,937.6,938.7,927.70,0.00,933.20,0,1,1,0,0,0,0,0,1,1,1,1
486,7/1/1969,873.2,881.3,867.80,0.00,875.90,0,0,0,0,0,0,0,0,0,0,0,0
487,8/1/1969,815.6,833.6,815.60,0.00,826.60,0,0,0,0,0,0,0,0,0,0,0,0
488,9/2/1969,836.7,846,831.30,0.00,837.80,1,0,0,0,0,0,0,0,0,0,0,0
489,10/1/1969,813.1,814.5,803.40,0.00,806.90,0,0,0,0,0,0,0,0,0,0,0,0
490,11/3/1969,856,860.7,847.40,0.00,854.50,1,1,1,0,0,0,0,0,0,0,0,0
491,12/1/1969,812.3,816.4,802.20,0.00,805.00,0,0,0,0,0,0,0,0,0,0,0,0
492,1/2/1970,800.36,813.56,797.32,0.00,809.20,1,0,1,0,0,0,0,0,0,0,0,0
493,2/2/1970,744.06,756.47,739.37,0.00,746.44,0,0,0,0,0,0,0,0,0,0,0,0
494,3/2/1970,777.59,790.52,774.49,0.00,780.23,1,0,0,0,0,0,0,0,0,0,0,0
495,4/1/1970,785.57,795.67,784.05,0.00,792.04,1,1,0,0,0,0,0,0,0,0,0,0
496,5/1/1970,736.07,740.76,723.60,0.00,733.63,0,0,0,0,0,0,0,0,0,0,0,0
497,6/1/1970,700.44,715.64,694.14,0.00,710.36,0,0,0,0,0,0,0,0,0,0,0,0
498,7/1/1970,683.53,692.02,678.26,0.00,687.64,0,0,0,0,0,0,0,0,0,0,0,0
499,8/3/1970,734.12,734.67,718.65,0.00,722.96,1,1,0,0,0,0,0,0,0,0,0,0
500,9/1/1970,764.58,766.16,754.93,0.00,758.15,1,1,1,1,0,0,1,0,0,0,0,0
501,10/1/1970,760.68,764.79,754.38,0.00,760.68,1,1,1,1,1,0,0,1,0,0,0,0
502,11/2/1970,755.61,762.25,750.68,0.00,758.01,0,0,1,1,1,1,0,0,1,0,0,0
503,12/1/1970,794.09,805.65,787.45,0.00,794.29,1,1,1,1,1,1,1,1,1,1,0,0
504,1/4/1971,838.92,839.06,826.53,0.00,830.57,1,1,1,1,1,1,1,1,1,1,1,1
505,2/1/1971,868.5,882.19,866.03,0.00,877.81,1,1,1,1,1,1,1,1,1,1,1,1
506,3/1/1971,878.83,887.46,873.22,0.00,882.53,1,1,1,1,1,1,1,1,1,1,1,1
507,4/1/1971,904.37,910.06,898.75,0.00,903.88,1,1,1,1,1,1,1,1,1,1,1,1
508,5/3/1971,941.75,942.17,923.83,0.00,932.41,1,1,1,1,1,1,1,1,1,1,1,1
509,6/1/1971,907.81,918.49,903.74,0.00,913.65,0,1,1,1,1,1,1,1,1,1,1,1
510,7/1/1971,891.14,899.39,886.24,0.00,893.03,0,0,0,1,1,1,1,1,1,1,1,1
511,8/2/1971,858.43,871.86,857.70,0.00,864.92,0,0,0,0,0,0,1,1,1,1,1,1
512,9/1/1971,898.07,906.25,894.20,0.00,899.02,1,1,0,0,0,1,1,1,1,1,1,1
513,10/1/1971,887.19,898.44,884.49,0.00,893.98,0,1,1,0,0,0,1,1,1,1,1,1
514,11/1/1971,839,840.25,823.21,0.00,825.86,0,0,0,0,0,0,0,0,0,0,1,1
515,12/1/1971,831.34,851.85,831.12,0.00,846.01,1,0,0,0,0,0,0,0,0,0,1,1
516,1/3/1972,890.2,898.71,884.63,0.00,889.30,1,1,0,0,1,0,0,0,0,1,1,1
517,2/1/1972,902.17,906.23,894.34,0.00,901.79,1,1,1,1,1,1,1,0,0,0,1,1
518,3/1/1972,928.13,943.03,924.14,0.00,935.43,1,1,1,1,1,1,1,1,1,1,1,1
519,4/3/1972,940.7,948.75,935.66,0.00,940.92,1,1,1,1,1,1,1,1,1,1,1,1
520,5/1/1972,954.17,956.95,938.59,0.00,942.28,1,1,1,1,1,1,1,1,1,1,1,1
521,6/1/1972,960.72,966.36,954.85,0.00,960.72,1,1,1,1,1,1,1,1,1,1,1,1
522,7/3/1972,929.03,935.05,922.71,0.00,928.66,0,0,0,0,1,1,1,1,1,1,1,1
523,8/1/1972,924.74,935.36,922.03,0.00,930.46,1,0,0,0,0,1,1,1,1,1,1,1
524,9/1/1972,963.73,975.62,962.30,0.00,970.05,1,1,1,1,1,1,1,1,1,1,1,1
525,10/2/1972,953.27,959.59,945.44,0.00,953.27,0,1,1,0,1,1,1,1,1,1,1,1
526,11/1/1972,955.52,975.24,955.30,0.00,968.54,1,0,1,1,1,1,1,1,1,1,1,1
527,12/1/1972,"1,018.21","1,031.53",1016.56,0.00,1023.93,0,0,0,0,0,0,0,0,0,0,0,0
528,1/2/1973,"1,022.88","1,038.98",1022.88,0.00,1031.68,1,0,0,0,0,0,0,0,0,0,0,0
529,2/1/1973,999.02,"1,008.58",983.14,0.00,985.78,1,1,1,1,1,1,1,1,1,1,1,1
530,3/1/1973,955.07,967.04,947.17,0.00,949.65,0,1,1,0,0,0,1,1,0,1,1,1
531,4/2/1973,951.01,951.84,932.72,0.00,936.18,0,0,1,1,0,0,0,1,1,0,0,0
532,5/1/1973,921.43,929.03,905.40,0.00,921.21,0,0,0,1,1,0,0,0,0,0,0,0
533,6/1/1973,901.41,902.32,887.27,0.00,893.96,0,0,0,0,1,1,0,0,0,0,0,0
534,7/2/1973,890.2,890.2,876.66,0.00,880.57,0,0,0,0,0,1,1,0,0,0,0,0
535,8/1/1973,924.37,924.37,907.28,0.00,912.18,1,1,0,0,0,0,1,1,0,0,0,0
536,9/4/1973,887.57,900.25,885.69,0.00,895.39,0,1,1,0,0,0,0,1,1,0,0,0
537,10/1/1973,947.1,954.09,937.69,0.00,948.83,1,1,1,1,1,1,0,0,1,1,0,0
538,11/1/1973,956.58,963.8,941.83,0.00,948.83,1,1,1,1,1,1,1,0,0,1,1,0
539,12/3/1973,820.51,820.51,798.31,0.00,806.52,0,0,0,0,0,0,0,0,0,0,1,1
540,1/2/1974,850.86,859.16,841.41,0.00,855.32,1,0,0,0,0,0,0,0,0,0,0,1
541,2/1/1974,855.55,856.55,838.02,0.00,843.94,0,1,0,0,0,0,0,0,0,0,0,0
542,3/1/1974,860.53,861.62,845.90,0.00,851.92,1,0,1,0,0,0,0,0,0,0,0,0
543,4/1/1974,846.68,856.38,839.72,0.00,843.48,0,0,0,1,0,0,0,0,0,0,0,0
544,5/1/1974,836.75,861.08,832.77,0.00,853.88,1,1,1,0,1,0,0,0,0,0,0,0
545,6/3/1974,802.17,822.36,799.83,0.00,821.26,0,0,0,0,0,1,0,0,0,0,0,0
546,7/1/1974,802.41,811.95,797.48,0.00,806.24,0,0,0,0,0,0,0,0,0,0,0,0
547,8/1/1974,757.43,764.16,745.62,0.00,751.10,0,0,0,0,0,0,0,0,0,0,0,0
548,9/3/1974,678.58,686.48,662.23,0.00,663.33,0,0,0,0,0,0,0,0,0,0,0,0
549,10/1/1974,607.87,613.27,589.57,0.00,604.82,0,0,0,0,0,0,0,0,0,0,0,0
550,11/1/1974,665.52,673.03,655.74,0.00,665.28,1,1,0,0,0,0,0,0,0,0,0,0
551,12/2/1974,616.08,616.08,599.58,0.00,603.02,0,0,0,0,0,0,0,0,0,0,0,0
552,1/2/1975,619.13,637.12,619.13,0.00,632.04,1,0,1,0,0,0,0,0,0,0,0,0
553,2/3/1975,703.69,717.62,696.50,0.00,711.44,1,1,1,1,1,0,0,0,0,0,0,0
554,3/3/1975,739.05,756.49,737.64,0.00,753.13,1,1,1,1,1,1,1,0,0,0,0,0
555,4/1/1975,768.15,771.12,756.49,0.00,761.58,1,1,1,1,1,1,1,1,0,0,0,0
556,5/1/1975,821.34,837.22,817.82,0.00,830.96,1,1,1,1,1,1,1,1,1,1,1,0
557,6/2/1975,835.73,853.49,835.73,0.00,846.61,1,1,1,1,1,1,1,1,1,1,1,1
558,7/1/1975,878.99,884.86,869.60,0.00,877.42,1,1,1,1,1,1,1,1,1,1,1,1
559,8/1/1975,831.51,833.78,822.20,0.00,826.50,0,0,0,1,1,1,1,1,1,1,1,1
560,9/2/1975,835.34,840.19,821.26,0.00,823.69,0,0,0,0,1,1,1,1,1,1,1,1
561,10/1/1975,793.88,799.35,780.54,0.00,784.16,0,0,0,0,0,1,1,1,1,1,1,1
562,11/3/1975,836.04,836.82,822.26,0.00,825.72,1,1,0,0,0,0,1,1,1,1,1,1
563,12/1/1975,860.67,865.95,853.04,0.00,856.34,1,1,1,1,0,1,1,1,1,1,1,1
564,1/2/1976,852.41,860.44,848.63,0.00,858.71,1,1,1,1,1,0,1,1,1,1,1,1
565,2/2/1976,975.28,976.54,962.06,0.00,971.35,1,1,1,1,1,1,1,1,1,1,1,1
566,3/1/1976,972.61,981.19,964.18,0.00,975.36,1,1,1,1,1,1,1,1,1,1,1,1
567,4/1/1976,999.45,"1,003.31",987.72,0.00,994.10,1,1,1,1,1,1,1,1,1,1,1,1
568,5/3/1976,995.83,995.83,981.74,0.00,990.32,0,1,1,1,1,1,1,1,1,1,1,1
569,6/1/1976,975.23,981.26,969.27,0.00,973.13,0,0,0,1,1,1,1,1,1,1,1,1
570,7/1/1976,"1,002.78","1,009.00",990.26,0.00,994.84,1,1,1,1,1,1,1,1,1,1,1,1
571,8/2/1976,984.64,988.97,977.43,0.00,982.26,0,1,0,0,1,1,1,1,1,1,1,1
572,9/1/1976,973.74,987.95,971.24,0.00,985.95,1,0,1,0,0,1,1,1,1,1,1,1
573,10/1/1976,990.19,995.6,974.40,0.00,979.89,0,0,0,1,0,0,1,1,1,1,1,1
574,11/1/1976,964.93,971.99,957.61,0.00,966.09,0,0,0,0,0,0,0,0,0,1,1,1
575,12/1/1976,947.22,954.12,942.24,0.00,949.38,0,0,0,0,0,0,0,0,0,0,1,1
576,1/3/1977,"1,004.65","1,007.81",994.18,0.00,999.75,1,1,1,1,1,1,1,1,1,1,1,1
577,2/1/1977,954.37,962.02,950.05,0.00,958.36,0,1,0,0,0,0,0,0,0,0,0,0
578,3/1/1977,936.42,948.47,936.25,0.00,944.73,0,0,0,0,0,0,0,0,0,0,0,0
579,4/1/1977,919.55,930.27,919.55,0.00,927.36,0,0,0,0,0,0,0,0,0,0,0,0
580,5/2/1977,926.9,934.02,923.00,0.00,931.22,1,0,0,0,0,0,0,0,0,0,0,0
581,6/1/1977,898.66,909.35,896.46,0.00,906.55,0,0,0,0,0,0,0,0,0,0,0,0
582,7/1/1977,916.3,918.25,907.48,0.00,912.65,1,0,0,0,0,0,0,0,0,0,0,0
583,8/1/1977,890.07,900.03,886.17,0.00,891.81,0,0,0,0,0,0,0,0,0,0,0,0
584,9/1/1977,861.49,869.8,858.71,0.00,864.86,0,0,0,0,0,0,0,0,0,0,0,0
585,10/3/1977,847.11,853.6,842.08,0.00,851.96,0,0,0,0,0,0,0,0,0,0,0,0
586,11/1/1977,816.01,816.01,804.40,0.00,806.91,0,0,0,0,0,0,0,0,0,0,0,0
587,12/1/1977,829.7,832.81,823.02,0.00,825.71,1,0,0,0,0,0,0,0,0,0,0,0
588,1/3/1978,830.47,830.47,815.06,0.00,817.74,0,1,0,0,0,0,0,0,0,0,0,0
589,2/1/1978,769.92,777.89,764.81,0.00,774.34,0,0,0,0,0,0,0,0,0,0,0,0
590,3/1/1978,742.12,747.92,736.75,0.00,743.33,0,0,0,0,0,0,0,0,0,0,0,0
591,4/3/1978,756.67,756.67,747.05,0.00,751.04,1,0,0,0,0,0,0,0,0,0,0,0
592,5/1/1978,837.32,849.45,832.81,0.00,844.33,1,1,1,1,1,1,0,0,0,0,0,0
593,6/1/1978,840.61,845.81,835.24,0.00,840.70,0,1,1,1,1,1,1,0,0,0,0,0
594,7/3/1978,818.95,818.95,809.71,0.00,812.89,0,0,1,1,1,0,0,1,0,0,0,0
595,8/1/1978,862.27,868.16,855.34,0.00,860.71,1,1,1,1,1,1,1,1,1,1,0,0
596,9/1/1978,876.82,884.88,871.36,0.00,879.33,1,1,1,1,1,1,1,1,1,1,1,1
597,10/2/1978,865.82,874.48,863.13,0.00,871.36,0,1,1,1,1,1,1,1,1,1,1,1
598,11/1/1978,805.53,831.69,805.53,0.00,827.79,0,0,0,1,0,0,1,1,1,1,1,1
599,12/1/1978,801.98,815.06,801.98,0.00,811.50,0,0,0,0,0,0,0,1,1,1,0,0
600,1/2/1979,805.01,813.06,798.51,0.00,811.42,0,0,0,0,0,0,0,0,1,1,1,0
601,2/1/1979,839.22,843.99,832.55,0.00,840.87,1,1,1,0,0,0,1,1,0,1,1,1
602,3/1/1979,808.82,818.17,807.26,0.00,815.84,0,1,1,0,0,0,0,1,0,0,1,1
603,4/2/1979,859.93,859.93,849.27,0.00,855.25,1,1,1,1,1,0,0,0,1,1,1,1
604,5/1/1979,854.9,861.4,850.83,0.00,855.51,1,1,1,1,1,1,0,0,0,1,1,1
605,6/1/1979,822.33,826.14,817.74,0.00,821.21,0,0,1,0,1,1,0,0,0,0,1,0
606,7/2/1979,840.61,840.61,830.46,0.00,834.04,1,0,0,1,0,1,1,1,0,0,0,1
607,8/1/1979,846.42,852.3,841.38,0.00,850.34,1,1,0,0,1,1,1,1,1,0,0,0
608,9/4/1979,887.63,887.63,871.16,0.00,872.61,1,1,1,1,1,1,1,1,1,1,1,0
609,10/1/1979,877.73,877.73,866.55,0.00,872.95,1,1,1,1,1,1,1,1,1,1,1,1
610,11/1/1979,815.7,823.63,809.73,0.00,820.14,0,0,0,0,0,0,0,1,0,1,1,0
611,12/3/1979,822.35,825.51,814.76,0.00,819.62,0,0,0,0,0,0,0,0,1,0,1,1
612,1/2/1980,838.74,841.21,822.35,0.00,824.57,1,1,0,0,0,0,1,0,0,1,0,1
613,2/1/1980,875.85,886.64,866.30,0.00,881.48,1,1,1,1,1,1,1,1,1,1,1,1
614,3/3/1980,863.14,868.26,851.37,0.00,854.35,0,1,1,1,0,0,1,1,1,0,0,1
615,4/1/1980,785.75,792.15,776.28,0.00,784.47,0,0,0,0,0,0,0,0,0,0,0,0
616,5/1/1980,817.06,820.22,803.24,0.00,808.79,1,0,0,0,0,0,0,0,0,0,0,0
617,6/2/1980,850.85,857.94,842.92,0.00,847.35,1,1,0,0,1,1,1,0,0,0,1,1
618,7/1/1980,867.92,876.02,862.63,0.00,872.27,1,1,1,1,0,1,1,1,0,0,1,1
619,8/1/1980,935.32,940.02,924.83,0.00,931.48,1,1,1,1,1,1,1,1,1,1,1,1
620,9/2/1980,932.59,944.8,928.16,0.00,940.78,1,1,1,1,1,1,1,1,1,1,1,1
621,10/1/1980,932.42,945.14,923.04,0.00,939.42,0,1,1,1,1,1,1,1,1,1,1,1
622,11/3/1980,924.49,941.3,924.49,0.00,937.20,0,0,1,1,1,1,1,1,1,1,1,1
623,12/1/1980,991.13,991.13,966.38,0.00,969.45,1,1,1,1,1,1,1,1,1,1,1,1
624,1/2/1981,963.99,975.68,958.70,0.00,972.78,1,1,1,1,1,1,1,1,1,1,1,1
625,2/2/1981,947.1,947.1,923.89,0.00,932.25,0,0,0,0,0,1,1,1,1,1,1,1
626,3/2/1981,974.58,983.75,964.36,0.00,977.99,1,1,1,1,1,1,1,1,1,1,1,1
627,4/1/1981,"1,003.87","1,020.62",1002.16,0.00,1014.14,0,0,0,0,0,0,0,0,0,0,0,0
628,5/1/1981,997.75,"1,005.22",987.12,0.00,995.59,1,1,1,1,1,1,1,1,1,1,1,1
629,6/1/1981,991.75,"1,010.48",988.97,0.00,997.96,1,1,1,1,1,1,1,1,1,1,1,1
630,7/1/1981,976.88,978.98,963.28,0.00,967.66,0,0,1,0,1,0,0,1,1,1,1,1
631,8/3/1981,952.34,955.48,940.45,0.00,946.25,0,0,0,1,0,1,0,0,1,1,1,1
632,9/1/1981,881.47,889.36,873.10,0.00,882.71,0,0,0,0,1,0,0,0,0,0,0,0
633,10/1/1981,849.98,855.88,840.47,0.00,852.26,0,0,0,0,0,1,0,0,0,0,0,0
634,11/2/1981,855.97,872.53,855.97,0.00,866.82,1,0,0,0,0,0,1,0,0,0,0,0
635,12/1/1981,888.98,896.12,881.37,0.00,890.22,1,1,1,0,0,0,0,1,0,0,0,0
636,1/4/1982,875,887.37,871.86,0.00,882.52,0,1,1,0,0,0,0,0,1,0,0,0
637,2/1/1982,866.34,866.34,848.08,0.00,851.69,0,0,0,0,0,0,0,0,0,1,0,0
638,3/1/1982,824.39,834.28,818.21,0.00,828.39,0,0,0,0,0,0,0,0,0,0,1,0
639,4/1/1982,822.77,836.66,820.49,0.00,833.24,1,0,0,0,0,0,0,0,0,0,0,1
640,5/3/1982,848.36,852.74,837.52,0.00,849.03,1,1,0,0,0,0,0,0,0,0,0,0
641,6/1/1982,819.54,822.96,811.92,0.00,814.97,0,0,0,0,0,0,0,0,0,0,0,0
642,7/1/1982,811.93,814.88,800.04,0.00,803.27,0,0,0,0,0,0,0,0,0,0,0,0
643,8/2/1982,808.6,824.11,807.84,0.00,822.11,1,1,0,0,0,0,0,0,0,0,0,0
644,9/1/1982,901.31,911.33,890.91,0.00,895.05,1,1,1,1,1,1,1,1,1,1,1,1
645,10/1/1982,896.25,910.87,892.02,0.00,907.74,1,1,1,1,1,1,1,1,1,1,1,1
646,11/1/1982,991.72,"1,009.01",983.72,0.00,1005.70,0,0,0,0,0,0,0,0,0,0,0,0
647,12/1/1982,"1,039.28","1,055.00",1025.57,0.00,1031.09,1,0,0,0,0,0,0,0,0,0,0,0
648,1/3/1983,"1,046.54","1,057.21",1022.17,0.00,1027.04,0,1,0,0,0,0,0,0,0,0,0,0
649,2/1/1983,"1,075.70","1,082.78",1057.58,0.00,1059.79,1,1,1,0,0,0,0,0,0,0,0,0
650,3/1/1983,"1,112.16","1,139.22",1110.20,0.00,1130.71,1,1,1,1,0,0,0,0,0,0,0,0
651,4/4/1983,"1,130.03","1,133.03",1115.13,0.00,1127.61,0,1,1,1,1,0,0,0,0,0,0,0
652,5/2/1983,"1,225.43","1,225.43",1197.27,0.00,1204.33,1,1,1,1,1,1,0,0,0,0,0,0
653,6/1/1983,"1,199.98","1,208.30",1187.69,0.00,1202.21,0,1,1,1,1,1,1,0,0,0,0,0
654,7/1/1983,"1,221.96","1,231.07",1213.94,0.00,1225.26,1,1,1,1,1,1,1,1,0,0,0,0
655,8/1/1983,"1,199.22","1,204.33",1183.79,0.00,1194.21,0,0,0,1,1,1,1,1,1,0,0,0
656,9/1/1983,"1,216.16","1,221.24",1197.36,0.00,1206.81,1,0,1,1,1,1,1,1,1,1,0,0
657,10/3/1983,"1,233.13","1,237.70",1216.26,0.00,1231.30,1,1,1,1,1,1,1,1,1,1,1,0
658,11/1/1983,"1,225.20","1,233.94",1210.47,0.00,1229.27,0,1,1,1,1,1,1,1,1,1,1,1
659,12/1/1983,"1,276.02","1,285.47",1265.45,0.00,1275.10,1,1,1,1,1,1,1,1,1,1,1,1
660,1/3/1984,"1,258.64","1,264.13",1247.46,0.00,1252.74,0,1,1,1,1,1,1,1,1,1,1,1
661,2/1/1984,"1,220.58","1,226.34",1203.31,0.00,1212.31,0,0,0,0,1,1,0,1,1,1,1,1
662,3/1/1984,"1,154.63","1,166.46",1146.25,0.00,1159.44,0,0,0,0,0,0,0,0,0,0,1,1
663,4/2/1984,"1,164.89","1,175.36",1145.94,0.00,1153.16,0,0,0,0,0,0,0,0,0,0,0,1
664,5/1/1984,"1,170.75","1,188.86",1167.40,0.00,1183.00,1,1,0,0,0,0,0,0,0,0,0,0
665,6/1/1984,"1,106.25","1,127.26",1106.25,0.00,1124.35,0,0,0,0,0,0,0,0,0,0,0,0
666,7/2/1984,"1,132.40","1,137.81",1120.25,0.00,1130.08,1,0,0,0,0,0,0,0,0,0,0,0
667,8/1/1984,"1,115.28","1,139.58",1114.95,0.00,1134.61,1,1,0,0,0,0,0,0,0,0,0,0
668,9/4/1984,"1,222.39","1,222.39",1206.93,0.00,1212.35,1,1,1,1,1,1,1,0,0,0,0,1
669,10/1/1984,"1,206.71","1,208.15",1192.36,0.00,1198.98,0,1,1,1,1,1,1,0,0,0,0,0
670,11/1/1984,"1,207.38","1,224.38",1204.51,0.00,1217.09,1,1,1,1,1,1,1,1,1,0,0,0
671,12/3/1984,"1,188.94","1,192.25",1173.37,0.00,1182.42,0,0,0,1,1,1,0,1,1,0,0,0
672,1/2/1985,"1,211.57","1,212.46",1194.35,0.00,1198.87,1,0,0,0,1,1,1,1,1,1,0,0
673,2/1/1985,"1,286.11","1,286.11",1269.77,0.00,1277.72,1,1,1,1,1,1,1,1,1,1,1,1
674,3/1/1985,"1,284.01","1,309.96",1282.69,0.00,1299.36,1,1,1,1,1,1,1,1,1,1,1,1
675,4/1/1985,"1,266.78","1,276.28",1260.49,0.00,1272.75,0,0,1,1,1,1,1,1,1,1,1,1
676,5/1/1985,"1,258.06","1,262.81",1239.07,0.00,1242.05,0,0,0,1,1,1,1,1,1,1,1,1
677,6/3/1985,"1,315.41","1,325.04",1304.21,0.00,1310.93,1,1,1,1,1,1,1,1,1,1,1,1
678,7/1/1985,"1,335.46","1,342.18",1322.58,0.00,1337.14,1,1,1,1,1,1,1,1,1,1,1,1
679,8/1/1985,"1,347.45","1,361.90",1342.97,0.00,1355.62,1,1,1,1,1,1,1,1,1,1,1,1
680,9/3/1985,"1,334.01","1,337.14",1322.80,0.00,1329.19,0,0,1,1,1,1,1,1,1,1,1,1
681,10/1/1985,"1,328.63","1,343.97",1323.48,0.00,1340.95,1,0,1,1,1,1,1,1,1,1,1,1
682,11/1/1985,"1,374.31","1,393.58",1367.78,0.00,1390.25,1,1,1,1,1,1,1,1,1,1,1,1
683,12/2/1985,"1,472.13","1,476.26",1451.26,0.00,1457.91,1,1,1,1,1,1,1,1,1,1,1,1
684,1/2/1986,"1,546.67","1,551.95",1523.74,0.00,1537.73,1,1,1,1,1,1,1,1,1,1,1,1
685,2/3/1986,"1,570.99","1,600.11",1564.33,0.00,1594.27,1,1,1,1,1,1,1,1,1,1,1,1
686,3/3/1986,"1,709.06","1,714.33",1684.63,0.00,1696.67,1,1,1,1,1,1,1,1,1,1,1,1
687,4/1/1986,"1,818.61","1,829.02",1777.54,0.00,1790.11,1,1,1,1,1,1,1,1,1,1,1,1
688,5/1/1986,"1,783.98","1,796.88",1761.04,0.00,1777.78,0,1,1,1,1,1,1,1,1,1,1,1
689,6/2/1986,"1,876.71","1,886.17",1845.53,0.00,1861.95,1,1,1,1,1,1,1,1,1,1,1,1
690,7/1/1986,"1,892.72","1,911.28",1878.52,0.00,1903.54,1,1,1,1,1,1,1,1,1,1,1,1
691,8/1/1986,"1,775.31","1,788.80",1753.09,0.00,1763.64,0,0,0,0,1,1,1,1,1,1,1,1
692,9/2/1986,"1,898.34","1,913.39",1857.42,0.00,1870.36,1,0,1,1,1,1,1,1,1,1,1,1
693,10/1/1986,"1,767.58","1,805.82",1762.65,0.00,1782.90,0,1,0,0,1,0,1,1,1,1,1,1
694,11/3/1986,"1,877.71","1,902.28",1870.78,0.00,1894.26,1,1,1,0,1,1,1,1,1,1,1,1
695,12/1/1986,"1,914.23","1,915.91",1880.48,0.00,1912.54,1,1,1,1,1,1,1,1,1,1,1,1
696,1/2/1987,"1,897.36","1,933.49",1897.36,0.00,1927.31,1,1,1,1,1,1,1,1,1,1,1,1
697,2/2/1987,"2,158.04","2,193.62",2142.15,0.00,2179.42,1,1,1,1,1,1,1,1,1,1,1,1
698,3/2/1987,"2,223.99","2,242.55",2209.08,0.00,2220.47,1,1,1,1,1,1,1,1,1,1,1,1
699,4/1/1987,"2,304.69","2,325.14",2271.16,0.00,2316.05,1,1,1,1,1,1,1,1,1,1,1,1
700,5/1/1987,"2,286.36","2,312.22",2256.68,0.00,2280.40,0,1,1,1,1,1,1,1,1,1,1,1
701,6/1/1987,"2,291.57","2,319.78",2277.00,0.00,2288.23,1,0,1,1,1,1,1,1,1,1,1,1
702,7/1/1987,"2,418.53","2,430.80",2391.26,0.00,2409.76,1,1,1,1,1,1,1,1,1,1,1,1
703,8/3/1987,"2,572.07","2,585.30",2536.67,0.00,2557.08,1,1,1,1,1,1,1,1,1,1,1,1
704,9/1/1987,"2,662.95","2,695.47",2594.07,0.00,2610.97,1,1,1,1,1,1,1,1,1,1,1,1
705,10/1/1987,"2,596.28","2,648.99",2593.18,0.00,2639.20,1,1,1,1,1,1,1,1,1,1,1,1
706,11/2/1987,"1,993.53","2,027.52",1957.23,0.00,2014.09,0,0,0,0,0,0,0,0,0,1,1,1
707,12/1/1987,"1,833.55","1,877.98",1829.08,0.00,1842.34,0,0,0,0,0,0,0,0,0,0,0,0
708,1/4/1988,"1,950.76","2,030.01",1950.76,0.00,2015.25,1,1,0,0,0,0,0,0,0,0,0,1
709,2/1/1988,"1,958.22","1,985.41",1935.84,0.00,1944.63,0,1,0,0,0,0,0,0,0,0,0,0
710,3/1/1988,"2,071.62","2,086.87",2048.57,0.00,2070.47,1,1,1,1,0,0,0,0,0,0,0,0
711,4/4/1988,"1,988.06","2,013.26",1969.50,0.00,1980.60,0,1,0,1,0,0,0,0,0,0,0,0
712,5/2/1988,"2,032.33","2,050.40",2019.89,0.00,2043.27,1,0,1,1,1,1,0,0,0,0,0,0
713,6/1/1988,"2,031.12","2,076.28",2021.34,0.00,2064.01,1,1,0,1,1,1,1,0,0,0,0,0
714,7/1/1988,"2,141.71","2,151.14",2118.95,0.00,2131.58,1,1,1,1,1,1,1,1,0,0,0,0
715,8/1/1988,"2,128.73","2,146.16",2111.84,0.00,2130.51,0,1,1,1,1,1,1,1,1,0,0,0
716,9/1/1988,"2,027.56","2,027.56",1988.44,0.00,2002.31,0,0,0,0,1,0,1,0,1,0,0,0
717,10/3/1988,"2,112.91","2,116.82",2083.39,0.00,2105.26,1,0,0,1,1,1,1,1,1,1,1,0
718,11/1/1988,"2,148.65","2,165.36",2132.82,0.00,2150.96,1,1,1,1,1,1,1,1,1,1,1,1
719,12/1/1988,"2,114.51","2,120.02",2095.48,0.00,2101.88,0,0,1,0,0,1,1,1,1,1,1,1
720,1/3/1989,"2,168.39","2,168.39",2127.14,0.00,2144.64,1,0,1,1,1,1,1,1,1,1,1,1
721,2/1/1989,"2,342.32","2,355.00",2319.29,0.00,2338.21,1,1,1,1,1,1,1,1,1,1,1,1
722,3/1/1989,"2,258.39","2,277.50",2234.82,0.00,2243.04,0,1,1,1,1,1,1,1,1,1,1,1
723,4/3/1989,"2,293.62","2,317.45",2284.09,0.00,2304.80,1,0,1,1,1,1,1,1,1,1,1,1
724,5/1/1989,"2,418.80","2,420.45",2390.03,0.00,2414.96,1,1,1,1,1,1,1,1,1,1,1,1
725,6/1/1989,"2,480.15","2,504.23",2469.67,0.00,2490.63,1,1,1,1,1,1,1,1,1,1,1,1
726,7/3/1989,"2,440.06","2,461.49",2434.37,0.00,2452.77,0,1,1,1,1,1,1,1,1,1,1,1
727,8/1/1989,"2,660.66","2,687.03",2628.98,0.00,2641.12,1,1,1,1,1,1,1,1,1,1,1,1
728,9/1/1989,"2,737.27","2,766.91",2726.82,0.00,2752.09,1,1,1,1,1,1,1,1,1,1,1,1
729,10/2/1989,"2,692.82","2,724.16",2677.05,0.00,2713.72,0,1,1,1,1,1,1,1,1,1,1,1
730,11/1/1989,"2,645.08","2,665.78",2622.95,0.00,2645.90,0,0,1,1,1,1,1,1,1,1,1,1
731,12/1/1989,"2,706.27","2,763.87",2705.42,0.00,2747.65,1,1,0,1,1,1,1,1,1,1,1,1
732,1/2/1990,"2,753.20","2,811.65",2732.51,0.00,2810.15,1,1,1,1,1,1,1,1,1,1,1,1
733,2/1/1990,"2,590.54","2,611.49",2571.85,0.00,2586.26,0,0,0,0,0,0,1,1,1,1,1,1
734,3/1/1990,"2,627.25","2,655.63",2607.88,0.00,2635.59,1,0,0,0,0,0,0,1,1,1,1,1
735,4/2/1990,"2,707.21","2,708.78",2668.69,0.00,2700.45,1,1,0,0,1,0,0,1,1,1,1,1
736,5/1/1990,"2,656.76","2,687.39",2651.35,0.00,2668.92,0,1,1,0,0,1,0,0,1,1,1,1
737,6/1/1990,"2,876.66","2,919.90",2868.69,0.00,2900.97,1,1,1,1,1,1,1,1,1,1,1,1
738,7/2/1990,"2,880.69","2,908.66",2869.80,0.00,2899.26,0,1,1,1,1,1,1,1,1,1,1,1
739,8/1/1990,"2,905.20","2,931.19",2875.00,0.00,2899.26,1,0,1,1,1,1,1,1,1,1,1,1
740,9/4/1990,"2,614.36","2,618.07",2573.02,0.00,2613.37,0,0,0,0,0,0,1,0,0,0,0,0
741,10/1/1990,"2,452.48","2,534.65",2446.53,0.00,2515.84,0,0,0,0,0,0,0,0,0,0,0,0
742,11/1/1990,"2,442.33","2,473.02",2415.59,0.00,2454.95,0,0,0,0,0,0,0,0,0,0,0,0
743,12/3/1990,"2,559.65","2,589.60",2543.56,0.00,2565.59,1,1,0,0,0,0,0,0,0,0,0,0
744,1/2/1991,"2,633.66","2,651.73",2600.99,0.00,2610.64,1,1,1,0,0,0,0,0,0,0,1,0
745,2/1/1991,"2,736.39","2,764.60",2694.31,0.00,2730.69,1,1,1,1,1,0,0,0,1,1,1,1
746,3/1/1991,"2,882.18","2,923.51",2846.78,0.00,2909.90,1,1,1,1,1,1,1,1,1,1,1,1
747,4/1/1991,"2,913.86","2,919.31",2868.32,0.00,2881.19,0,1,1,1,1,1,1,0,0,0,1,1
748,5/1/1991,"2,887.87","2,945.30",2882.43,0.00,2930.20,1,1,1,1,1,1,1,1,1,1,1,1
749,6/3/1991,"3,027.50","3,057.47",3000.67,0.00,3035.33,1,1,1,1,1,1,1,1,1,1,1,1
750,7/1/1991,"2,911.67","2,971.15",2911.67,0.00,2958.41,0,1,1,1,1,1,1,1,1,1,1,1
751,8/1/1991,"3,024.82","3,037.12",2997.76,0.00,3017.67,1,0,1,1,1,1,1,1,1,1,1,1
752,9/3/1991,"3,043.60","3,066.64",3013.64,0.00,3017.67,1,1,0,1,1,1,1,1,1,1,1,1
753,10/1/1991,"3,016.77","3,043.60",3002.46,0.00,3018.34,1,1,1,0,1,1,1,1,1,1,1,1
754,11/1/1991,"3,069.10","3,091.91",3031.75,0.00,3056.35,1,1,1,1,1,1,1,1,1,1,1,1
755,12/2/1991,"2,894.68","2,941.64",2855.32,0.00,2935.38,0,0,0,0,0,0,1,1,1,1,1,1
756,1/2/1992,"3,168.83","3,184.70",3119.86,0.00,3172.41,1,1,1,1,1,1,1,1,1,1,1,1
757,2/3/1992,"3,223.39","3,261.40",3193.42,0.00,3234.12,1,1,1,1,1,1,1,1,1,1,1,1
758,3/2/1992,"3,267.67","3,298.97",3242.39,0.00,3275.27,1,1,1,1,1,1,1,1,1,1,1,1
759,4/1/1992,"3,235.47","3,262.52",3202.37,0.00,3249.33,0,1,1,1,1,1,1,1,1,1,1,1
760,5/1/1992,"3,359.12","3,375.67",3316.64,0.00,3336.09,1,1,1,1,1,1,1,1,1,1,1,1
761,6/1/1992,"3,396.88","3,424.39",3365.02,0.00,3413.21,1,1,1,1,1,1,1,1,1,1,1,1
762,7/1/1992,"3,318.52","3,366.43",3305.45,0.00,3354.10,0,1,1,1,1,1,1,1,1,1,1,1
763,8/3/1992,"3,393.78","3,413.23",3365.14,0.00,3395.40,1,0,1,1,1,1,1,1,1,1,1,1
764,9/1/1992,"3,257.35","3,279.21",3239.77,0.00,3266.26,0,0,0,0,1,0,1,1,1,1,1,1
765,10/1/1992,"3,271.66","3,291.39",3237.35,0.00,3254.37,0,0,0,0,0,1,0,1,1,1,1,1
766,11/2/1992,"3,226.28","3,274.64",3211.42,0.00,3262.21,1,0,0,0,0,0,1,0,1,1,1,1
767,12/1/1992,"3,305.16","3,321.64",3268.15,0.00,3294.36,1,1,1,0,0,0,0,1,1,1,1,1
768,1/4/1993,"3,301.11","3,335.69",3282.74,0.00,3309.22,1,1,1,1,0,0,0,0,1,1,1,1
769,2/1/1993,"3,310.03","3,343.80",3300.30,0.00,3332.18,1,1,1,1,1,0,0,0,0,1,1,1
770,3/1/1993,"3,370.81","3,404.58",3336.23,0.00,3355.41,1,1,1,1,1,1,0,1,0,1,1,1
771,4/1/1993,"3,435.11","3,466.45",3419.98,0.00,3439.44,1,1,1,1,1,1,1,1,1,1,1,1
772,5/3/1993,"3,427.55","3,462.94",3402.42,0.00,3446.46,1,1,1,1,1,1,1,1,1,1,1,1
773,6/1/1993,"3,527.43","3,577.25",3518.02,0.00,3552.34,1,1,1,1,1,1,1,1,1,1,1,1
774,7/1/1993,"3,516.08","3,542.10",3487.29,0.00,3510.54,0,1,1,1,1,1,1,1,1,1,1,1
775,8/2/1993,"3,539.47","3,578.32",3524.94,0.00,3560.99,1,1,1,1,1,1,1,1,1,1,1,1
776,9/1/1993,"3,651.25","3,665.50",3619.67,0.00,3645.10,1,1,1,1,1,1,1,1,1,1,1,1
777,10/1/1993,"3,555.12","3,605.14",3541.71,0.00,3581.11,0,1,1,1,1,1,1,1,1,1,1,1
778,11/1/1993,"3,680.59","3,708.26",3656.84,0.00,3692.61,1,1,1,1,1,1,1,1,1,1,1,1
779,12/1/1993,"3,683.95","3,731.73",3673.33,0.00,3697.08,1,1,1,1,1,1,1,1,1,1,1,1
780,1/3/1994,"3,754.09","3,790.70",3715.24,0.00,3756.60,1,1,1,1,1,1,1,1,1,1,1,1
781,2/1/1994,"3,978.36","3,998.06",3938.12,0.00,3964.01,1,1,1,1,1,1,1,1,1,1,1,1
782,3/1/1994,"3,832.02","3,848.34",3772.93,0.00,3809.23,0,1,1,1,1,1,1,1,1,1,1,1
783,4/4/1994,"3,633.08","3,633.08",3520.80,0.00,3593.35,0,0,0,0,0,1,0,1,1,1,1,1
784,5/2/1994,"3,681.69","3,734.04",3648.97,0.00,3701.02,1,0,0,0,1,1,1,1,1,1,1,1
785,6/1/1994,"3,758.37","3,785.14",3717.76,0.00,3760.83,1,1,0,0,1,1,1,1,1,1,1,1
786,7/1/1994,"3,624.96","3,675.79",3611.04,0.00,3646.65,0,0,1,0,0,0,0,0,1,1,1,1
787,8/1/1994,"3,764.50","3,809.50",3749.28,0.00,3798.17,1,1,1,1,0,0,1,1,1,1,1,1
788,9/1/1994,"3,913.42","3,927.99",3871.66,0.00,3901.44,1,1,1,1,1,1,0,1,1,1,1,1
789,10/3/1994,"3,843.19","3,872.79",3809.21,0.00,3846.89,0,1,1,1,1,1,1,0,1,1,1,1
790,11/1/1994,"3,908.12","3,919.90",3836.79,0.00,3863.37,1,0,1,1,1,1,1,1,0,1,1,1
791,12/1/1994,"3,739.23","3,755.37",3680.68,0.00,3700.87,0,0,0,0,1,0,0,1,0,0,0,1
792,1/3/1995,"3,834.44","3,864.72",3805.50,0.00,3838.48,1,0,0,0,1,1,1,1,1,1,0,1
793,2/1/1995,"3,843.86","3,886.25",3809.21,0.00,3847.56,1,1,0,1,0,1,1,1,1,1,1,0
794,3/1/1995,"4,011.05","4,033.19",3960.56,0.00,3994.80,1,1,1,1,1,1,1,1,1,1,1,1
795,4/3/1995,"4,157.69","4,202.30",4129.68,0.00,4168.41,1,1,1,1,1,1,1,1,1,1,1,1
796,5/1/1995,"4,321.27","4,352.74",4278.73,0.00,4316.08,1,1,1,1,1,1,1,1,1,1,1,1
797,6/1/1995,"4,465.14","4,499.72",4421.56,0.00,4472.75,1,1,1,1,1,1,1,1,1,1,1,1
798,7/3/1995,"4,556.10","4,594.83",4536.04,0.00,4585.15,1,1,1,1,1,1,1,1,1,1,1,1
799,8/1/1995,"4,708.47","4,742.98",4648.59,0.00,4700.37,1,1,1,1,1,1,1,1,1,1,1,1
800,9/1/1995,"4,610.56","4,672.19",4594.71,0.00,4647.54,0,1,1,1,1,1,1,1,1,1,1,1
801,10/2/1995,"4,789.08","4,817.98",4732.72,0.00,4761.26,1,1,1,1,1,1,1,1,1,1,1,1
802,11/1/1995,"4,755.48","4,801.73",4719.72,0.00,4766.68,1,1,1,1,1,1,1,1,1,1,1,1
803,12/1/1995,"5,074.49","5,133.02",5038.36,0.00,5087.13,1,1,1,1,1,1,1,1,1,1,1,1
804,1/2/1996,"5,117.12","5,208.16",5087.13,0.00,5177.45,1,1,1,1,1,1,1,1,1,1,1,1
805,2/1/1996,"5,395.30","5,438.29",5335.69,0.00,5405.06,1,1,1,1,1,1,1,1,1,1,1,1
806,3/1/1996,"5,485.62","5,573.41",5424.20,0.00,5536.56,1,1,1,1,1,1,1,1,1,1,1,1
807,4/1/1996,"5,587.14","5,670.23",5562.57,0.00,5637.72,1,1,1,1,1,1,1,1,1,1,1,1
808,5/1/1996,"5,569.08","5,619.29",5523.56,0.00,5575.22,0,1,1,1,1,1,1,1,1,1,1,1
809,6/3/1996,"5,643.18","5,662.75",5587.40,0.00,5624.71,1,0,1,1,1,1,1,1,1,1,1,1
810,7/1/1996,"5,654.63","5,749.19",5637.26,0.00,5729.98,1,1,1,1,1,1,1,1,1,1,1,1
811,8/1/1996,"5,528.91","5,628.79",5507.83,0.00,5594.75,0,0,1,0,1,1,1,1,1,1,1,1
812,9/3/1996,"5,616.21","5,667.99",5550.37,0.00,5648.39,1,0,1,1,1,1,1,1,1,1,1,1
813,10/1/1996,"5,882.17","5,942.17",5833.72,0.00,5904.90,1,1,1,1,1,1,1,1,1,1,1,1
814,11/1/1996,"6,029.38","6,082.67",5975.34,0.00,6021.93,1,1,1,1,1,1,1,1,1,1,1,1
815,12/2/1996,"6,521.70","6,553.01",6439.34,0.00,6521.70,1,1,1,1,1,1,1,1,1,1,1,1
816,1/2/1997,"6,448.27","6,511.38",6318.96,0.00,6442.49,0,1,1,1,1,1,1,1,1,1,1,1
817,2/3/1997,"6,813.09","6,858.11",6733.04,0.00,6806.16,1,1,1,1,1,1,1,1,1,1,1,1
818,3/3/1997,"6,877.74","6,957.01",6798.46,0.00,6918.92,1,1,1,1,1,1,1,1,1,1,1,1
819,4/1/1997,"6,583.48","6,667.70",6482.64,0.00,6611.05,0,0,1,1,1,1,1,1,1,1,1,1
820,5/1/1997,"7,008.99","7,041.90",6891.39,0.00,6976.48,1,1,1,1,1,1,1,1,1,1,1,1
821,6/2/1997,"7,331.04","7,383.84",7244.76,0.00,7289.40,1,1,1,1,1,1,1,1,1,1,1,1
822,7/1/1997,"7,672.79","7,801.04",7613.53,0.00,7722.33,1,1,1,1,1,1,1,1,1,1,1,1
823,8/1/1997,"8,222.61","8,287.65",8062.11,0.00,8194.04,1,1,1,1,1,1,1,1,1,1,1,1
824,9/2/1997,"7,650.99","7,903.47",7650.99,0.00,7879.78,0,1,1,1,1,1,1,1,1,1,1,1
825,10/1/1997,"7,945.26","8,081.06",7909.41,0.00,8015.50,1,0,1,1,1,1,1,1,1,1,1,1
826,11/3/1997,"7,443.07","7,674.39",7443.07,0.00,7674.39,0,0,0,0,1,1,1,1,1,1,1,1
827,12/1/1997,"7,823.62","8,048.92",7823.62,0.00,8013.11,1,0,1,0,1,1,1,1,1,1,1,1
828,1/2/1998,"7,908.25","8,001.41",7845.47,0.00,7965.04,0,1,0,1,0,1,1,1,1,1,1,1
829,2/2/1998,"7,987.46","8,157.86",7987.46,0.00,8107.78,1,1,1,1,1,0,1,1,1,1,1,1
830,3/2/1998,"8,528.78","8,649.35",8427.89,0.00,8550.45,1,1,1,1,1,1,1,1,1,1,1,1
831,4/1/1998,"8,818.50","8,935.33",8715.61,0.00,8868.32,1,1,1,1,1,1,1,1,1,1,1,1
832,5/1/1998,"9,106.47","9,211.84",9015.54,0.00,9147.07,1,1,1,1,1,1,1,1,1,1,1,1
833,6/1/1998,"8,907.93","9,023.01",8805.04,0.00,8922.37,0,1,1,1,1,1,1,1,1,1,1,1
834,7/1/1998,"9,011.56","9,103.23",8918.64,0.00,9048.67,1,0,1,1,1,1,1,1,1,1,1,1
835,8/3/1998,"8,868.10","8,948.17",8729.58,0.00,8786.74,0,0,0,0,1,1,1,1,1,1,1,1
836,9/1/1998,"7,583.09","7,937.37",7379.70,0.00,7827.43,0,0,0,0,0,0,0,0,0,1,0,0
837,10/1/1998,"7,749.42","7,856.26",7540.87,0.00,7632.53,0,0,0,0,0,0,0,0,0,0,0,0
838,11/2/1998,"8,645.65","8,804.51",8573.56,0.00,8706.15,1,1,0,0,0,0,0,1,1,1,1,1
839,12/1/1998,"9,039.57","9,214.65",8934.52,0.00,9133.54,1,1,1,1,1,1,0,1,1,1,1,1
840,1/4/1999,"9,212.84","9,393.84",9089.00,0.00,9184.27,1,1,1,1,1,1,1,1,1,1,1,1
841,2/1/1999,"9,405.43","9,513.05",9266.91,0.00,9345.70,1,1,1,1,1,1,1,1,1,1,1,1
842,3/1/1999,"9,315.27","9,419.32",9167.76,0.00,9324.78,0,1,1,1,1,1,1,1,1,1,1,1
843,4/1/1999,"9,825.29","9,927.69",9707.91,0.00,9832.51,1,1,1,1,1,1,1,1,1,1,1,1
844,5/3/1999,"10,788.75","11,083.13",10701.12,0.00,11014.69,0,0,0,0,0,0,0,0,0,0,0,0
845,6/1/1999,"10,549.08","10,717.20",10334.42,0.00,10596.26,0,0,0,0,0,0,0,0,0,0,0,0
846,7/1/1999,"10,972.39","11,156.65",10841.63,0.00,11066.42,1,1,0,0,0,0,0,0,0,0,0,0
847,8/2/1999,"10,654.83","10,849.23",10551.30,0.00,10645.96,0,1,0,0,0,0,0,0,0,0,0,0
848,9/1/1999,"10,828.44","11,013.55",10784.32,0.00,10937.88,1,0,1,0,0,0,0,0,0,0,0,0
849,10/1/1999,"10,335.69","10,425.92",10108.05,0.00,10273.00,0,0,0,0,0,0,0,0,0,0,0,0
850,11/1/1999,"10,730.78","10,828.96",10568.08,0.00,10648.51,1,0,1,0,1,0,0,0,0,0,0,0
851,12/1/1999,"10,876.47","11,111.24",10798.07,0.00,10998.39,1,1,1,1,0,1,0,0,0,0,0,0
852,1/3/2000,"11,501.85","11,641.07",11180.98,0.00,11357.51,1,1,1,1,1,1,1,1,0,0,0,0
853,2/1/2000,"10,937.74","11,187.18",10798.44,0.00,11041.05,0,1,1,1,1,1,0,1,1,0,0,0
854,3/1/2000,"10,128.11","10,355.72",9935.96,0.00,10137.93,0,0,0,0,0,0,0,0,0,0,0,0
855,4/3/2000,"10,863.28","11,344.17",10821.71,0.00,11221.93,1,1,0,1,1,1,1,1,1,1,1,0
856,5/1/2000,"10,749.42","11,001.34",10622.22,0.00,10811.78,0,1,0,0,0,1,1,0,1,0,1,0
857,6/1/2000,"10,532.27","10,780.37",10422.95,0.00,10652.20,0,0,1,0,0,0,1,1,0,1,0,1
858,7/3/2000,"10,450.36","10,610.17",10353.66,0.00,10560.67,0,0,0,1,0,0,0,0,1,0,0,0
859,8/1/2000,"10,523.81","10,728.92",10428.58,0.00,10606.95,1,0,0,0,1,0,0,0,0,1,0,0
860,9/1/2000,"11,219.54","11,406.74",11130.01,0.00,11238.78,1,1,1,1,1,1,1,0,1,1,1,1
861,10/2/2000,"10,659.06","10,876.23",10479.27,0.00,10700.13,0,1,1,1,0,0,1,0,0,0,1,1
862,11/1/2000,"10,966.21","11,103.10",10736.42,0.00,10899.47,1,0,1,1,1,1,0,1,0,0,0,1
863,12/1/2000,"10,416.76","10,645.42",10238.54,0.00,10373.54,0,0,0,0,0,0,0,0,1,0,0,0
864,1/2/2001,"10,790.92","10,916.98",10450.55,0.00,10646.15,1,0,0,0,1,1,0,0,0,1,0,0
865,2/1/2001,"10,884.82","11,063.95",10759.85,0.00,10983.63,1,1,1,1,0,1,1,1,1,0,1,0
866,3/1/2001,"10,493.25","10,605.23",10236.92,0.00,10450.14,0,0,1,0,0,0,0,0,0,0,0,1
867,4/2/2001,"9,877.16","10,043.02",9638.35,0.00,9777.93,1,1,1,1,1,1,1,1,1,1,1,1
868,5/1/2001,"10,734.05","10,966.07",10669.32,0.00,10898.34,0,1,0,1,1,0,1,0,1,1,1,1
869,6/1/2001,"10,913.57","11,063.61",10793.46,0.00,10990.41,1,0,1,1,1,1,1,1,0,1,1,1
870,7/2/2001,"10,504.95","10,707.24",10397.20,0.00,10593.72,0,0,0,1,0,0,1,0,0,0,0,1
871,8/1/2001,"10,527.38","10,659.33",10423.31,0.00,10510.01,0,0,0,0,1,0,0,1,0,0,0,0
872,9/4/2001,"9,946.98","10,238.50",9858.34,0.00,9997.49,1,1,1,1,1,1,1,1,1,1,1,1
873,10/1/2001,"8,845.97","8,931.70",8659.90,0.00,8836.83,0,1,1,1,1,0,1,1,1,1,1,1
874,11/1/2001,"9,087.45","9,320.77",8987.61,0.00,9263.90,1,0,1,1,1,1,0,1,1,1,1,1
875,12/3/2001,"9,848.93","9,861.94",9651.87,0.00,9763.96,1,1,0,1,1,1,1,0,1,1,1,1
876,1/2/2002,"10,021.71","10,125.85",9889.69,0.00,10073.40,0,0,0,0,0,0,0,0,0,0,0,0
877,2/1/2002,"9,923.04","10,022.82",9795.45,0.00,9907.26,1,1,1,1,0,1,1,1,1,1,1,1
878,3/1/2002,"10,111.04","10,397.09",10086.51,0.00,10368.86,0,1,0,0,0,0,0,0,0,0,0,0
879,4/1/2002,"10,402.07","10,434.52",10226.59,0.00,10362.70,0,0,1,0,0,0,0,0,0,0,0,0
880,5/1/2002,"9,944.90","10,121.21",9778.42,0.00,10059.63,0,0,0,0,0,0,0,0,0,0,0,0
881,6/3/2002,"9,923.94","10,016.04",9685.49,0.00,9709.79,1,1,1,0,1,0,1,1,0,1,1,1
882,7/1/2002,"9,239.25","9,381.37",9059.88,0.00,9109.79,0,1,1,1,0,1,0,0,1,0,1,1
883,8/1/2002,"8,732.58","8,758.40",8430.68,0.00,8506.62,0,0,1,1,1,0,1,0,0,0,0,1
884,9/3/2002,"8,659.27","8,659.27",8282.87,0.00,8308.05,0,0,0,1,1,1,0,1,0,0,0,0
885,10/1/2002,"7,593.04","7,964.24",7558.36,0.00,7938.79,0,0,0,0,1,1,1,0,1,0,0,0
886,11/1/2002,"8,395.64","8,569.24",8271.77,0.00,8517.64,1,1,1,0,0,1,1,1,0,1,0,0
887,12/2/2002,"8,902.95","9,076.35",8757.60,0.00,8862.57,1,1,1,1,0,0,1,1,1,0,1,0
888,1/2/2003,"8,342.38","8,633.02",8342.38,0.00,8607.52,0,1,1,1,1,0,0,1,1,1,0,1
889,2/3/2003,"8,053.74","8,189.35",8032.90,0.00,8109.82,0,0,0,1,0,0,0,0,1,1,1,0
890,3/3/2003,"7,890.24","7,997.66",7809.05,0.00,7837.86,0,0,0,0,0,0,0,0,0,1,1,1
891,4/1/2003,"7,992.83","8,133.03",7947.38,0.00,8069.86,1,0,0,0,0,1,0,0,0,0,1,1
892,5/1/2003,"8,478.48","8,519.09",8328.55,0.00,8454.25,1,1,1,0,0,0,1,1,0,0,0,1
893,6/2/2003,"8,851.45","9,040.46",8833.66,0.00,8897.81,1,1,1,1,1,1,1,1,1,1,0,0
894,7/1/2003,"8,983.66","9,068.05",8843.61,0.00,9040.95,1,1,1,1,1,1,1,1,1,1,1,0
895,8/1/2003,"9,232.68","9,266.37",9100.12,0.00,9153.97,1,1,1,1,1,1,1,1,1,1,1,1
896,9/2/2003,"9,416.67","9,563.83",9357.44,0.00,9523.27,1,1,1,1,1,1,1,1,1,1,1,1
897,10/1/2003,"9,275.06","9,472.69",9275.06,0.00,9469.20,0,1,1,1,1,1,1,1,1,1,1,1
898,11/3/2003,"9,802.46","9,936.31",9792.60,0.00,9858.46,1,1,1,1,1,1,1,1,1,1,1,1
899,12/1/2003,"9,785.35","9,943.34",9777.64,0.00,9899.05,1,1,1,1,1,1,1,1,1,1,1,1
900,1/2/2004,"10,452.74","10,554.96",10367.41,0.00,10409.85,0,0,0,0,0,0,0,0,0,0,0,0
901,2/2/2004,"10,487.78","10,614.44",10395.55,0.00,10499.18,1,0,0,0,0,0,0,0,0,0,0,0
902,3/1/2004,"10,582.25","10,720.14",10568.74,0.00,10678.14,1,1,0,0,0,0,0,0,0,0,0,0
903,4/1/2004,"10,357.52","10,449.33",10299.48,0.00,10373.33,0,0,0,0,0,0,0,0,0,0,0,0
904,5/3/2004,"10,227.27","10,365.74",10199.67,0.00,10314.00,0,0,0,0,0,0,0,0,0,0,0,0
905,6/1/2004,"10,187.18","10,254.17",10104.07,0.00,10202.65,0,0,0,0,0,0,0,0,0,0,0,0
906,7/1/2004,"10,434.00","10,473.23",10255.55,0.00,10334.16,1,1,0,0,0,0,0,0,0,0,0,0
907,8/2/2004,"10,138.45","10,224.29",10063.75,0.00,10179.16,0,0,0,0,0,0,0,0,0,0,0,0
908,9/1/2004,"10,170.12","10,230.48",10092.37,0.00,10168.46,0,0,0,0,0,0,0,0,0,0,0,0
909,10/1/2004,"10,082.04","10,237.05",10081.38,0.00,10192.65,1,1,0,0,0,0,0,0,0,0,0,0
910,11/1/2004,"10,028.73","10,124.44",9953.29,0.00,10054.39,0,0,0,0,0,0,0,0,0,0,0,0
911,12/1/2004,"10,425.80","10,618.59",10421.66,0.00,10590.22,1,1,1,1,1,1,1,1,0,1,1,0
912,1/3/2005,"10,783.75","10,892.67",10694.18,0.00,10729.43,1,1,1,1,1,1,1,1,1,1,1,1
913,2/1/2005,"10,489.72","10,609.73",10464.38,0.00,10551.94,0,0,1,1,1,1,1,1,1,1,0,1
914,3/1/2005,"10,794.98","10,849.14",10769.04,0.00,10830.00,1,1,1,1,1,1,1,1,1,1,1,1
915,4/1/2005,"10,504.57","10,600.56",10349.02,0.00,10404.30,0,0,0,0,1,1,1,1,1,1,1,1
916,5/2/2005,"10,192.00","10,309.86",10149.06,0.00,10251.70,0,0,0,0,0,1,1,1,1,0,1,0
917,6/1/2005,"10,462.86","10,616.15",10433.48,0.00,10549.87,1,1,0,0,0,0,1,1,1,1,1,1
918,7/1/2005,"10,273.59","10,380.78",10239.91,0.00,10303.44,0,1,0,0,0,0,0,1,1,1,1,0
919,8/1/2005,"10,641.78","10,713.51",10578.97,0.00,10623.15,1,1,1,1,0,1,0,1,1,1,1,1
920,9/1/2005,"10,481.44","10,557.47",10382.09,0.00,10459.63,0,1,0,1,1,0,0,0,0,1,1,1
921,10/3/2005,"10,569.50","10,637.00",10486.17,0.00,10535.48,1,0,1,0,1,1,0,0,0,0,1,1
922,11/1/2005,"10,437.51","10,510.03",10352.42,0.00,10406.77,0,0,0,1,0,1,1,0,0,0,0,1
923,12/1/2005,"10,806.03","10,969.97",10806.03,0.00,10912.57,1,1,1,1,1,1,1,1,1,1,1,1
924,1/3/2006,"10,718.30","10,888.40",10650.18,0.00,10847.41,0,1,1,1,1,1,1,1,1,1,1,1
925,2/1/2006,"10,862.14","11,001.82",10815.39,0.00,10953.95,1,1,1,1,1,1,1,1,1,1,1,1
926,3/1/2006,"10,993.25","11,115.80",10960.60,0.00,11053.53,1,1,1,1,1,1,1,1,1,1,1,1
927,4/3/2006,"11,113.00","11,287.02",11101.07,0.00,11144.94,1,1,1,1,1,1,1,1,1,1,1,1
928,5/1/2006,"11,367.78","11,476.96",11304.30,0.00,11343.29,1,1,1,1,1,1,1,1,1,1,1,1
929,6/1/2006,"11,169.03","11,290.86",11115.40,0.00,11260.28,0,1,1,1,1,1,1,1,1,1,1,1
930,7/3/2006,"11,149.34","11,277.09",11146.06,0.00,11228.02,0,0,1,1,1,1,1,1,1,1,1,1
931,8/1/2006,"11,184.80","11,210.65",11035.92,0.00,11125.73,0,0,0,0,1,1,1,1,1,1,1,1
932,9/1/2006,"11,427.41","11,476.40",11381.14,0.00,11464.15,1,1,1,1,1,1,1,1,1,1,1,1
933,10/2/2006,"11,678.99","11,773.60",11608.79,0.00,11670.35,1,1,1,1,1,1,1,1,1,1,1,1
934,11/1/2006,"12,080.25","12,160.70",11972.99,0.00,12031.02,1,1,1,1,1,1,1,1,1,1,1,1
935,12/1/2006,"12,220.97","12,289.30",12070.52,0.00,12194.13,1,1,1,1,1,1,1,1,1,1,1,1
936,1/3/2007,"12,459.54","12,630.34",12373.82,0.00,12474.52,1,1,1,1,1,1,1,1,1,1,1,1
937,2/1/2007,"12,617.20","12,741.30",12563.85,0.00,12673.68,1,1,1,1,1,1,1,1,1,1,1,1
938,3/1/2007,"12,265.59","12,338.89",11996.17,0.00,12234.34,0,0,1,1,1,1,1,1,1,1,1,1
939,4/2/2007,"12,354.52","12,450.81",12284.54,0.00,12382.30,1,0,0,1,1,1,1,1,1,1,1,1
940,5/1/2007,"13,062.75","13,188.96",12993.02,0.00,13136.14,1,1,1,1,1,1,1,1,1,1,1,1
941,6/1/2007,"13,628.69","13,756.69",13562.54,0.00,13668.11,1,1,1,1,1,1,1,1,1,1,1,1
942,7/2/2007,"13,409.60","13,586.97",13406.59,0.00,13535.43,0,1,1,1,1,1,1,1,1,1,1,1
943,8/1/2007,"13,211.09","13,431.06",13041.77,0.00,13362.37,0,0,1,1,1,1,1,1,1,1,1,1
944,9/4/2007,"13,358.39","13,521.86",13248.57,0.00,13448.86,1,0,0,1,1,1,1,1,1,1,1,1
945,10/1/2007,"13,895.71","14,147.30",13869.86,0.00,14087.55,1,1,1,1,1,1,1,1,1,1,1,1
946,11/1/2007,"13,924.16","13,924.16",13522.75,0.00,13567.87,0,1,1,1,0,1,1,1,1,1,1,1
947,12/3/2007,"13,368.22","13,490.24",13207.60,0.00,13314.57,0,0,0,0,0,0,1,1,1,1,1,1
948,1/2/2008,"13,261.82","13,338.23",12969.42,0.00,13043.96,0,0,0,0,0,0,0,0,1,1,1,1
949,2/1/2008,"12,638.17","12,841.88",12510.05,0.00,12743.19,0,0,0,0,0,0,0,0,0,1,1,1
950,3/3/2008,"12,264.36","12,344.71",12101.29,0.00,12258.90,0,0,0,0,0,0,0,0,0,0,0,1
951,4/1/2008,"12,266.64","12,693.93",12266.64,0.00,12654.36,1,0,0,0,0,0,0,0,0,0,0,1
952,5/1/2008,"12,818.34","13,079.94",12721.94,0.00,13010.00,1,1,1,0,0,0,0,0,0,0,0,0
953,6/2/2008,"12,637.67","12,645.40",12385.76,0.00,12503.82,0,0,1,0,0,0,0,0,0,0,0,0
954,7/1/2008,"11,344.64","11,465.79",11106.65,0.00,11382.26,0,0,0,0,0,0,0,0,0,0,0,0
955,8/1/2008,"11,379.89","11,512.61",11205.41,0.00,11326.32,0,0,0,0,0,0,0,0,0,0,0,0
956,9/2/2008,"11,545.63","11,831.29",11444.79,0.00,11516.92,1,1,0,0,0,0,0,0,0,0,0,0
957,10/1/2008,"10,847.40","11,022.06",10495.99,0.00,10831.07,0,0,0,0,0,0,0,0,0,0,0,0
958,11/3/2008,"9,326.04","9,488.92",9175.03,0.00,9319.83,1,1,1,1,1,1,1,1,1,1,1,1
959,12/1/2008,"8,826.89","8,826.89",8123.04,0.00,8149.09,0,1,1,1,1,1,1,1,1,1,1,1
960,1/2/2009,"8,772.25","9,080.57",8725.10,0.00,9034.69,1,0,1,1,1,1,1,1,1,1,1,1
961,2/2/2009,"8,000.62","8,053.43",7796.17,0.00,7936.83,0,0,0,1,1,1,1,1,1,1,1,1
962,3/2/2009,"7,056.48","7,056.48",6736.69,0.00,6763.29,0,0,0,0,1,1,1,1,1,1,1,1
963,4/1/2009,"7,606.13","7,804.77",7450.74,0.00,7761.60,1,0,0,0,0,1,1,1,1,1,1,1
964,5/1/2009,"8,167.41","8,278.28",8047.54,0.00,8212.41,1,1,1,0,1,0,1,1,1,1,1,1
965,6/1/2009,"8,501.53","8,797.58",8501.53,0.00,8721.44,1,1,1,1,0,1,0,1,1,1,1,1
966,7/1/2009,"8,447.53","8,610.32",8447.00,0.00,8504.06,0,1,1,1,1,0,1,0,1,1,1,1
967,8/3/2009,"9,173.65","9,342.11",9162.09,0.00,9286.56,1,1,1,1,1,1,1,1,0,1,1,1
968,9/1/2009,"9,492.32","9,557.95",9292.08,0.00,9310.60,1,1,1,1,1,1,1,1,1,0,1,1
969,10/1/2009,"9,711.60","9,711.67",9500.37,0.00,9509.28,1,1,1,1,1,1,1,1,1,1,1,1
970,11/2/2009,"9,712.13","9,858.59",9678.95,0.00,9789.44,1,1,1,1,1,1,1,1,1,1,1,1
971,12/1/2009,"10,343.82","10,501.28",10343.44,0.00,10471.58,0,0,0,0,0,0,0,0,0,0,0,0
972,1/4/2010,"10,430.69","10,604.97",10430.69,0.00,10583.96,1,0,0,0,0,0,0,0,0,0,0,0
973,2/1/2010,"10,068.99","10,190.89",10068.91,0.00,10185.53,0,0,0,0,0,0,0,0,0,0,0,0
974,3/1/2010,"10,326.10","10,413.99",10326.10,0.00,10403.79,1,0,0,0,0,0,0,0,0,0,0,0
975,4/1/2010,"10,857.31","10,956.39",10857.31,0.00,10927.07,1,1,1,1,0,0,0,0,0,0,0,0
976,5/4/2010,"11,149.48","11,149.48",10869.25,0.00,10926.77,0,1,1,1,1,0,0,0,0,0,0,0
977,6/1/2010,"10,133.94","10,249.27",9976.56,0.00,10024.02,0,0,0,0,0,0,0,0,0,0,0,0
978,7/1/2010,"9,773.27","9,795.48",9621.89,0.00,9732.53,1,1,1,1,1,1,1,0,1,1,1,1
979,8/2/2010,"10,468.82","10,692.20",10468.59,0.00,10674.38,0,1,0,0,1,1,1,1,0,0,0,0
980,9/1/2010,"10,016.01","10,279.08",10016.01,0.00,10269.47,0,0,1,0,0,0,1,0,0,0,0,0
981,10/1/2010,"10,789.72","10,907.41",10759.14,0.00,10829.68,1,1,0,1,0,0,1,1,1,1,0,0
982,11/1/2010,"11,120.30","11,257.59",11053.29,0.00,11124.62,1,1,1,0,1,1,1,1,1,1,1,0
983,12/1/2010,"11,007.31","11,297.52",11007.31,0.00,11255.78,1,1,1,1,0,1,1,1,1,1,1,1
984,1/3/2011,"11,577.43","11,750.90",11577.43,0.00,11670.75,1,1,1,1,1,0,1,1,1,1,1,1
985,2/1/2011,"11,892.50","12,082.24",11892.50,0.00,12040.16,1,1,1,1,1,1,0,1,1,1,1,1
986,3/1/2011,"12,226.57","12,304.03",12036.00,0.00,12058.02,1,1,1,1,1,1,1,0,1,1,1,1
987,4/1/2011,"12,321.02","12,454.52",12301.11,0.00,12376.72,1,1,1,1,1,1,1,1,0,1,1,1
988,5/2/2011,"12,810.16","12,876.00",12784.62,0.00,12807.36,1,1,1,1,1,1,1,1,1,0,1,1
989,6/1/2011,"12,569.41","12,569.49",12282.42,0.00,12290.14,0,0,1,1,1,1,1,1,1,1,0,1
990,7/1/2011,"12,412.07","12,596.13",12404.08,0.00,12582.77,1,0,1,1,1,1,1,1,1,1,1,0
991,8/2/2011,"12,129.77","12,130.30",11865.56,0.00,11866.62,0,0,0,0,0,0,1,1,1,1,1,1
992,9/1/2011,"11,613.30","11,716.84",11488.46,0.00,11493.57,0,0,0,0,0,0,0,0,1,1,1,1
993,10/3/2011,"10,912.10","10,979.19",10653.34,0.00,10655.30,0,0,0,0,0,0,0,0,0,0,0,0
994,11/1/2011,"11,951.53","11,951.76",11630.03,0.00,11657.96,1,1,0,0,0,0,0,0,0,0,1,1
995,12/1/2011,"12,046.21","12,062.64",11974.62,0.00,12020.03,1,1,1,1,0,0,0,0,0,0,1,1
996,1/3/2012,"12,221.19","12,479.65",12221.19,0.00,12397.38,1,1,1,1,1,0,1,0,1,1,1,1
997,2/1/2012,"12,632.76","12,784.62",12632.76,0.00,12716.46,1,1,1,1,1,1,1,1,0,1,1,1
998,3/1/2012,"12,952.29","13,032.67",12943.06,0.00,12980.30,1,1,1,1,1,1,1,1,1,1,1,1
999,4/2/2012,"13,211.36","13,297.11",13153.69,0.00,13264.49,1,1,1,1,1,1,1,1,1,1,1,1
1000,5/1/2012,"13,214.16","13,338.66",13174.65,0.00,13279.32,1,1,1,1,1,1,1,1,1,1,1,1
1001,6/1/2012,"12,391.56","12,391.63",12107.48,0.00,12118.57,0,0,0,0,0,1,1,1,1,1,0,0
1002,7/2/2012,"12,879.71","12,902.12",12795.48,0.00,12871.39,1,0,0,0,1,1,1,1,1,1,1,1
1003,8/1/2012,"13,007.47","13,074.83",12951.16,0.00,12971.06,1,1,0,0,0,1,1,1,1,1,1,1
1004,9/4/2012,"13,092.15","13,092.39",12977.09,0.00,13035.94,1,1,1,0,0,1,1,1,1,1,1,1
1005,10/1/2012,"13,437.66","13,598.25",13437.66,0.00,13515.11,1,1,1,1,1,1,1,1,1,1,1,1
1006,11/1/2012,"13,099.19","13,273.71",13099.11,0.00,13232.62,0,1,1,1,1,0,0,1,1,1,1,1
1007,12/3/2012,"13,027.73","13,087.32",12959.42,0.00,12965.60,0,0,0,0,1,1,0,0,0,1,1,1
1008,1/2/2013,"13,104.30","13,412.71",13104.30,0.00,13412.55,1,1,0,1,1,1,1,1,1,1,1,1
1009,2/1/2013,"13,860.58","14,019.78",13860.58,0.00,14009.79,1,1,1,1,1,1,1,1,1,1,1,1
1010,3/1/2013,"14,054.49","14,107.09",13937.60,0.00,14089.66,1,1,1,1,1,1,1,1,1,1,1,1
1011,4/1/2013,"14,578.54","14,605.72",14531.48,0.00,14572.85,1,1,1,1,1,1,1,1,1,1,1,1
1012,5/1/2013,"14,839.80","14,839.80",14687.05,0.00,14700.95,1,1,1,1,1,1,1,1,1,1,1,1
1013,6/3/2013,"15,123.55","15,254.11",15123.55,0.00,15254.03,1,1,1,1,1,1,1,1,1,1,1,1
1014,7/1/2013,"14,911.60","15,083.28",14911.60,0.00,14974.96,0,1,1,1,1,1,1,1,1,1,1,1
1015,8/1/2013,"15,503.85","15,650.69",15503.85,0.00,15628.02,1,1,1,1,1,1,1,1,1,1,1,1
1016,9/3/2013,"14,801.55","14,933.35",14777.48,0.00,14833.96,0,0,0,1,1,1,1,1,1,1,1,1
1017,10/1/2013,"15,132.49","15,208.40",15110.34,0.00,15191.70,1,0,1,0,1,1,1,1,1,1,1,1
1018,11/1/2013,"15,558.01","15,649.40",15543.25,0.00,15615.55,1,1,0,1,1,1,1,1,1,1,1,1
1019,12/2/2013,"16,087.12","16,098.00",15986.23,0.00,16008.77,1,1,1,1,1,1,1,1,1,1,1,1
1020,1/2/2014,"16,572.17","16,573.07",16416.49,0.00,16441.35,1,1,1,1,1,1,1,1,1,1,1,1
1021,2/3/2014,"15,697.69","15,708.54",15356.17,0.00,15372.80,0,0,0,1,1,0,1,1,1,1,1,1
1022,3/3/2014,"16,321.71","16,321.71",16071.25,0.00,16168.03,1,0,1,1,1,1,1,1,1,1,1,1
1023,4/1/2014,"16,458.05","16,565.73",16457.60,0.00,16532.61,1,1,1,1,1,1,1,1,1,1,1,1
1024,5/1/2014,"16,580.26","16,604.79",16525.25,0.00,16558.87,1,1,1,1,1,1,1,1,1,1,1,1
1025,6/2/2014,"16,716.85","16,756.64",16682.07,0.00,16743.63,1,1,1,1,1,1,1,1,1,1,1,1
1026,7/1/2014,"16,828.53","16,998.70",16828.53,0.00,16956.07,1,1,1,1,1,1,1,1,1,1,1,1
1027,8/1/2014,"16,561.70","16,584.75",16437.07,0.00,16493.37,0,0,0,0,1,1,1,1,1,1,1,1
1028,9/2/2014,"17,097.42","17,113.51",17009.07,0.00,17067.56,1,1,1,1,1,1,1,1,1,1,1,1
1029,10/1/2014,"17,040.46","17,041.16",16776.13,0.00,16804.71,0,1,0,1,1,1,1,1,1,1,1,1
1030,11/3/2014,"17,390.90","17,410.65",17339.85,0.00,17366.24,1,1,1,1,1,1,1,1,1,1,1,1
1031,12/1/2014,"17,827.27","17,827.27",17726.55,0.00,17776.80,1,1,1,1,1,1,1,1,1,1,1,1
1032,1/2/2015,"17,823.07","17,951.78",17731.30,0.00,17832.99,1,1,1,1,1,1,1,1,1,1,1,1
1033,2/2/2015,"17,169.99","17,367.68",17037.76,0.00,17361.04,0,0,0,1,1,1,1,1,1,1,1,1
1034,3/2/2015,"18,134.05","18,288.63",18122.59,0.00,18288.63,1,1,1,1,1,1,1,1,1,1,1,1
1035,4/1/2015,"17,778.52","17,778.52",17585.01,0.00,17698.18,0,1,0,0,1,1,1,1,1,1,1,1
1036,5/1/2015,"17,859.27","18,028.89",17859.27,0.00,18024.06,1,0,1,1,1,1,1,1,1,1,1,1
1037,6/1/2015,"18,017.82","18,105.83",17982.06,0.00,18040.37,1,1,0,1,1,1,1,1,1,1,1,1
1038,7/1/2015,"17,638.12","17,801.83",17638.12,0.00,17757.91,0,0,1,0,1,0,0,1,1,1,1,1
1039,8/3/2015,"17,696.74","17,704.76",17496.61,0.00,17598.20,0,0,0,0,0,1,0,0,1,1,1,1
1040,9/1/2015,"16,528.03","16,528.03",15979.95,0.00,16058.35,0,0,0,0,0,0,0,0,0,0,0,0
1041,10/1/2015,"16,278.62","16,348.87",16073.82,0.00,16272.01,1,0,0,0,0,0,0,0,0,0,0,0
1042,11/2/2015,"17,672.62","17,845.90",17655.02,0.00,17828.76,1,1,1,1,0,0,1,0,1,0,1,1
1043,12/1/2015,"17,719.72","17,895.50",17719.72,0.00,17888.35,1,1,1,1,1,0,0,1,0,1,1,1
1044,1/4/2016,"17,405.48","17,405.48",16957.63,0.00,17148.94,0,0,1,1,0,0,0,0,0,0,0,0
1045,2/1/2016,"16,453.63","16,510.98",16299.47,0.00,16449.18,0,0,0,1,1,0,0,0,0,0,0,0
1046,3/1/2016,"16,545.67","16,865.56",16545.67,0.00,16865.08,1,0,0,0,1,1,0,0,0,0,0,0
1047,4/1/2016,"17,661.74","17,811.48",17568.02,0.00,17792.75,1,1,1,0,0,1,1,1,1,0,0,1
1048,5/2/2016,"17,783.78","17,912.35",17773.71,0.00,17891.16,1,1,1,1,1,1,1,1,1,1,0,0
1049,6/1/2016,"17,754.55","17,809.18",17664.79,0.00,17789.67,0,0,1,1,1,0,0,1,1,1,1,0
1050,7/1/2016,"17,924.24","18,002.38",17916.91,0.00,17949.37,1,1,1,1,1,1,1,1,1,1,1,1
1051,8/1/2016,"18,434.50","18,467.03",18355.75,0.00,18404.51,1,1,1,1,1,1,1,1,1,1,1,1
1052,9/1/2016,"18,396.57","18,430.05",18295.48,0.00,18419.30,1,1,1,1,1,1,1,1,1,1,1,1
1053,10/3/2016,"18,279.60","18,279.80",18203.75,0.00,18253.85,0,0,1,1,1,1,1,1,1,1,1,1
1054,11/1/2016,"18,158.24","18,177.01",17940.84,0.00,18037.10,0,0,0,1,1,1,1,1,1,1,1,1
1055,12/1/2016,"19,149.20","19,214.30",19138.79,0.00,19191.93,1,1,1,1,1,1,1,1,1,1,1,1
1056,1/3/2017,"19,872.86","19,938.53",19775.93,0.00,19881.76,1,1,1,1,1,1,1,1,1,1,1,1
1057,2/1/2017,"19,923.81","19,967.73",19845.99,0.00,19890.94,1,1,1,1,1,1,1,1,1,1,1,1
1058,3/1/2017,"20,957.29","21,169.11",20957.29,0.00,21115.55,1,1,1,1,1,1,1,1,1,1,1,1
1059,4/3/2017,"20,665.17","20,692.34",20517.82,0.00,20650.21,0,1,1,1,1,1,1,1,1,1,1,1
1060,5/1/2017,"20,962.73","20,976.62",20898.38,0.00,20913.46,1,0,1,1,1,1,1,1,1,1,1,1
1061,6/1/2017,"21,030.55","21,144.18",20994.22,0.00,21144.18,1,1,1,1,1,1,1,1,1,1,1,1
1062,7/3/2017,"21,392.30","21,562.75",21391.71,0.00,21479.27,1,1,1,1,1,1,1,1,1,1,1,1
1063,8/1/2017,"21,961.42","21,990.96",21940.81,0.00,21963.92,1,1,1,1,1,1,1,1,1,1,1,1
1064,9/1/2017,"21,981.77","22,038.97",21974.91,0.00,21987.56,1,1,1,1,1,1,1,1,1,1,1,1
1065,10/2/2017,"22,423.47","22,559.38",22416.00,0.00,22557.60,1,1,1,1,1,1,1,1,1,1,1,1
1066,11/1/2017,"23,442.90","23,517.71",23388.91,0.00,23435.01,1,1,1,1,1,1,1,1,1,1,1,1
1067,12/1/2017,"24,305.40","24,322.06",23921.90,0.00,24231.59,1,1,1,1,1,1,1,1,1,1,1,1
1068,1/2/2018,"24,809.35","24,864.19",24741.70,0.00,24824.01,1,1,1,1,1,1,1,1,1,1,1,1
1069,2/1/2018,"26,083.04","26,306.70",26014.44,0.00,26186.71,1,1,1,1,1,1,1,1,1,1,1,1
1070,3/1/2018,"25,024.04","25,185.35",24442.56,0.00,24608.98,0,0,1,1,1,1,1,1,1,1,1,1
1071,4/2/2018,"24,076.60","24,123.80",23344.52,0.00,23644.19,0,0,0,0,1,1,1,1,1,1,1,1
1072,5/1/2018,"24,117.29","24,117.29",23808.19,0.00,24099.05,1,0,0,0,0,1,1,1,1,1,1,1
