,Unnamed: 0,Date,Close,Dividend,MomentumType,Enter,Shares,Capital,MonthCng,DrawDown
0,0,1931-01-02,169.8,0.0,8,0,0.0,10000.0,0.0,0.0
1,1,1931-02-02,168.7,0.0,8,0,0.0,10000.0,0.0,0.0
2,2,1931-03-02,184.4,0.0,8,0,0.0,10000.0,0.0,0.0
3,3,1931-04-01,170.8,0.0,8,0,0.0,10000.0,0.0,0.0
4,4,1931-05-01,145.6,0.0,8,0,0.0,10000.0,0.0,0.0
5,5,1931-06-01,122.8,0.0,8,0,0.0,10000.0,0.0,0.0
6,6,1931-07-01,152.7,0.0,8,0,0.0,10000.0,0.0,0.0
7,7,1931-08-01,136.7,0.0,8,0,0.0,10000.0,0.0,0.0
8,8,1931-09-01,140.1,0.0,8,0,0.0,10000.0,0.0,0.0
9,9,1931-10-01,95.7,0.0,8,1,104.4932079414838,10000.0,0.0,0.0
10,10,1931-11-02,104.5,0.0,8,0,0.0,10919.540229885057,9.2,0.0
11,11,1931-12-01,91.2,0.0,8,1,119.73180076628351,10919.540229885057,0.0,0.0
12,12,1932-01-02,74.6,0.0,8,1,119.73180076628351,8931.99233716475,-18.2,-0.1820175438596492
13,13,1932-02-01,79.6,0.0,8,1,119.73180076628351,9530.651340996166,6.7,-0.12719298245614052
14,14,1932-03-01,81.9,0.0,8,1,119.73180076628351,9806.03448275862,2.89,-0.10197368421052633
15,15,1932-04-01,72.2,0.0,8,1,119.73180076628351,8644.63601532567,-11.84,-0.20833333333333337
16,16,1932-05-02,55.4,0.0,8,1,119.73180076628351,6633.141762452106,-23.27,-0.39254385964912286
17,17,1932-06-01,44.9,0.0,8,0,0.0,5375.95785440613,-18.95,-0.5076754385964912
18,18,1932-07-01,44.4,0.0,8,1,121.08013185599391,5375.95785440613,0.0,-0.5076754385964912
19,19,1932-08-01,54.9,0.0,8,0,0.0,6647.299238894066,23.65,-0.391247332859175
20,20,1932-09-01,73.7,0.0,8,0,0.0,6647.299238894066,0.0,-0.391247332859175
21,21,1932-10-01,72.1,0.0,8,0,0.0,6647.299238894066,0.0,-0.391247332859175
22,22,1932-11-01,60.2,0.0,8,0,0.0,6647.299238894066,0.0,-0.391247332859175
23,23,1932-12-01,58.0,0.0,8,0,0.0,6647.299238894066,0.0,-0.391247332859175
24,24,1933-01-03,59.3,0.0,12,0,0.0,6647.299238894066,0.0,-0.391247332859175
25,25,1933-02-01,59.1,0.0,12,0,0.0,6647.299238894066,0.0,-0.391247332859175
26,26,1933-03-01,52.5,0.0,12,0,0.0,6647.299238894066,0.0,-0.391247332859175
27,27,1933-04-01,55.7,0.0,12,0,0.0,6647.299238894066,0.0,-0.391247332859175
28,28,1933-05-01,77.8,0.0,12,1,85.4408642531371,6647.299238894066,0.0,-0.391247332859175
29,29,1933-06-01,89.1,0.0,12,1,85.4408642531371,7612.781004954514,14.52,-0.30282952901995497
30,30,1933-07-01,100.9,0.0,12,0,0.0,8620.983203141534,13.24,-0.21049943297545948
31,31,1933-08-01,92.7,0.0,12,1,92.99874005546422,8620.983203141534,0.0,-0.21049943297545948
32,32,1933-09-01,103.7,0.0,12,0,0.0,9643.96934375164,11.87,-0.11681543904590241
33,33,1933-10-02,93.0,0.0,12,1,103.69859509410365,9643.96934375164,0.0,-0.11681543904590241
34,34,1933-11-01,89.6,0.0,12,1,103.69859509410365,9291.394120431687,-3.66,-0.1491039068657296
35,35,1933-12-01,98.9,0.0,12,1,103.69859509410365,10255.791054806852,10.38,-0.06078545077031983
36,36,1934-01-02,100.4,0.0,11,0,0.0,10411.338947448006,1.52,-0.04654053849686668
37,37,1934-02-01,109.0,0.0,11,0,0.0,10411.338947448006,0.0,-0.04654053849686668
38,38,1934-03-01,103.2,0.0,11,0,0.0,10411.338947448006,0.0,-0.04654053849686668
39,39,1934-04-02,102.0,0.0,11,0,0.0,10411.338947448006,0.0,-0.04654053849686668
40,40,1934-05-01,100.6,0.0,11,0,0.0,10411.338947448006,0.0,-0.04654053849686668
41,41,1934-06-01,91.8,0.0,11,1,113.41327829464059,10411.338947448006,0.0,-0.04654053849686668
42,42,1934-07-02,94.8,0.0,11,1,113.41327829464059,10751.578782331928,3.27,-0.01538173256539177
43,43,1934-08-01,90.6,0.0,11,1,113.41327829464059,10275.243013494437,-4.43,-0.059004060869456754
44,44,1934-09-01,92.6,0.0,11,0,0.0,10502.069570083719,2.21,-0.0382315235818067
45,45,1934-10-01,90.4,0.0,11,1,116.17333595225352,10502.069570083719,0.0,-0.0382315235818067
46,46,1934-11-01,93.5,0.0,11,0,0.0,10862.206911535704,3.43,-0.0052505249435722545
47,47,1934-12-01,102.9,0.0,11,1,105.5608057486463,10862.206911535704,0.0,-0.0052505249435722545
48,48,1935-01-02,104.5,0.0,9,1,105.5608057486463,11031.104200733538,1.55,0.0
49,49,1935-02-01,101.5,0.0,9,1,105.5608057486463,10714.4217834876,-2.87,-0.028708133971291794
50,50,1935-03-01,103.3,0.0,9,0,0.0,10904.431233835163,1.77,-0.011483253588516762
51,51,1935-04-01,101.2,0.0,9,0,0.0,10904.431233835163,0.0,-0.011483253588516762
52,52,1935-05-01,108.7,0.0,9,0,0.0,10904.431233835163,0.0,-0.011483253588516762
53,53,1935-06-01,109.7,0.0,9,0,0.0,10904.431233835163,0.0,-0.011483253588516762
54,54,1935-07-01,118.8,0.0,9,0,0.0,10904.431233835163,0.0,-0.011483253588516762
55,55,1935-08-01,125.9,0.0,9,0,0.0,10904.431233835163,0.0,-0.011483253588516762
56,56,1935-09-03,127.3,0.0,9,1,85.6593184119023,10904.431233835163,0.0,-0.011483253588516762
57,57,1935-10-01,131.5,0.0,9,1,85.6593184119023,11264.200371165152,3.3,0.0
58,58,1935-11-01,141.3,0.0,9,1,85.6593184119023,12103.661691601797,7.45,0.0
59,59,1935-12-02,140.7,0.0,9,1,85.6593184119023,12052.266100554652,-0.42,-0.004246284501061903
60,60,1936-01-02,144.1,0.0,9,1,85.6593184119023,12343.507783155123,2.42,0.0
61,61,1936-02-01,149.6,0.0,9,1,85.6593184119023,12814.634034420584,3.82,0.0
62,62,1936-03-02,154.1,0.0,9,1,85.6593184119023,13200.100967274144,3.01,0.0
63,63,1936-04-01,159.0,0.0,9,1,85.6593184119023,13619.831627492467,3.18,0.0
64,64,1936-05-01,147.1,0.0,9,1,85.6593184119023,12600.48573839083,-7.48,-0.07484276729559758
65,65,1936-06-01,152.8,0.0,9,1,85.6593184119023,13088.743853338674,3.87,-0.03899371069182378
66,66,1936-07-01,158.4,0.0,9,1,85.6593184119023,13568.436036445326,3.66,-0.0037735849056603765
67,67,1936-08-01,165.4,0.0,9,1,85.6593184119023,14168.051265328642,4.42,0.0
68,68,1936-09-01,166.4,0.0,9,1,85.6593184119023,14253.710583740543,0.6,0.0
69,69,1936-10-01,168.3,0.0,9,1,85.6593184119023,14416.463288723158,1.14,0.0
70,70,1936-11-02,176.7,0.0,9,1,85.6593184119023,15136.001563383137,4.99,0.0
71,71,1936-12-01,182.1,0.0,9,1,85.6593184119023,15598.56188280741,3.06,0.0
72,72,1937-01-02,178.5,0.0,9,1,85.6593184119023,15290.188336524561,-1.98,-0.01976935749588138
73,73,1937-02-01,186.6,0.0,9,1,85.6593184119023,15984.02881566097,4.54,0.0
74,74,1937-03-01,187.7,0.0,9,1,85.6593184119023,16078.254065914061,0.59,0.0
75,75,1937-04-01,185.2,0.0,9,1,85.6593184119023,15864.105769884305,-1.33,-0.01331912626531706
76,76,1937-05-01,174.4,0.0,9,1,85.6593184119023,14938.985131035763,-5.83,-0.07085775173148634
77,77,1937-06-01,171.6,0.0,9,1,85.6593184119023,14699.139039482436,-1.61,-0.08577517314864136
78,78,1937-07-01,170.1,0.0,9,1,85.6593184119023,14570.650061864582,-0.87,-0.0937666489078316
79,79,1937-08-02,186.9,0.0,9,1,85.6593184119023,16009.726611184542,9.88,-0.0042621204049012595
80,80,1937-09-01,173.1,0.0,9,0,0.0,14827.628017100289,-7.38,-0.07778369738945112
81,81,1937-10-01,153.9,0.0,9,0,0.0,14827.628017100289,0.0,-0.07778369738945112
82,82,1937-11-01,135.9,0.0,9,0,0.0,14827.628017100289,0.0,-0.07778369738945112
83,83,1937-12-01,122.1,0.0,9,0,0.0,14827.628017100289,0.0,-0.07778369738945112
84,84,1938-01-03,120.6,0.0,9,0,0.0,14827.628017100289,0.0,-0.07778369738945112
85,85,1938-02-01,124.0,0.0,9,0,0.0,14827.628017100289,0.0,-0.07778369738945112
86,86,1938-03-01,130.5,0.0,9,0,0.0,14827.628017100289,0.0,-0.07778369738945112
87,87,1938-04-01,103.0,0.0,9,0,0.0,14827.628017100289,0.0,-0.07778369738945112
88,88,1938-05-02,110.1,0.0,9,0,0.0,14827.628017100289,0.0,-0.07778369738945112
89,89,1938-06-01,110.6,0.0,9,0,0.0,14827.628017100289,0.0,-0.07778369738945112
90,90,1938-07-01,136.5,0.0,9,0,0.0,14827.628017100289,0.0,-0.07778369738945112
91,91,1938-08-01,140.4,0.0,9,1,105.60988616168297,14827.628017100289,0.0,-0.07778369738945112
92,92,1938-09-01,138.4,0.0,9,1,105.60988616168297,14616.408244776923,-1.42,-0.09092068175712276
93,93,1938-10-01,143.1,0.0,9,1,105.60988616168297,15112.774709736832,3.4,-0.060048768493094484
94,94,1938-11-01,151.4,0.0,9,1,105.60988616168297,15989.3367648788,5.8,-0.005530283367257249
95,95,1938-12-01,148.6,0.0,9,1,105.60988616168297,15693.629083626089,-1.85,-0.023922061481997492
96,96,1939-01-03,153.6,0.0,9,1,105.60988616168297,16221.678514434503,3.36,0.0
97,97,1939-02-01,142.4,0.0,9,1,105.60988616168297,15038.847789423655,-7.29,-0.07291666666666663
98,98,1939-03-01,147.2,0.0,9,1,105.60988616168297,15545.77524299973,3.37,-0.04166666666666674
99,99,1939-04-01,132.8,0.0,9,0,0.0,14024.9928822715,-9.78,-0.13541666666666652
100,100,1939-05-01,127.8,0.0,9,0,0.0,14024.9928822715,0.0,-0.13541666666666652
101,101,1939-06-01,136.2,0.0,9,0,0.0,14024.9928822715,0.0,-0.13541666666666652
102,102,1939-07-01,131.7,0.0,9,0,0.0,14024.9928822715,0.0,-0.13541666666666652
103,103,1939-08-01,143.4,0.0,9,0,0.0,14024.9928822715,0.0,-0.13541666666666652
104,104,1939-09-01,135.3,0.0,9,0,0.0,14024.9928822715,0.0,-0.13541666666666652
105,105,1939-10-02,151.4,0.0,9,0,0.0,14024.9928822715,0.0,-0.13541666666666652
106,106,1939-11-01,151.6,0.0,9,1,92.5131456614215,14024.9928822715,0.0,-0.13541666666666652
107,107,1939-12-01,146.5,0.0,9,0,0.0,13553.17583939825,-3.36,-0.1645022537379066
108,108,1940-01-02,151.4,0.0,9,1,89.51899497621038,13553.17583939825,0.0,-0.1645022537379066
109,109,1940-02-01,145.2,0.0,9,1,89.51899497621038,12998.158070545745,-4.1,-0.19871682458879825
110,110,1940-03-01,146.2,0.0,9,1,89.51899497621038,13087.677065521957,0.69,-0.19319834541929948
111,111,1940-04-01,147.7,0.0,9,1,89.51899497621038,13221.955557986272,1.03,-0.1849206266650516
112,112,1940-05-01,147.1,0.0,9,1,89.51899497621038,13168.244161000546,-0.41,-0.18823171416675077
113,113,1940-06-01,115.7,0.0,9,0,0.0,10357.347718747542,-21.35,-0.36151196008900777
114,114,1940-07-01,121.1,0.0,9,0,0.0,10357.347718747542,0.0,-0.36151196008900777
115,115,1940-08-01,126.1,0.0,9,0,0.0,10357.347718747542,0.0,-0.36151196008900777
116,116,1940-09-03,129.7,0.0,9,0,0.0,10357.347718747542,0.0,-0.36151196008900777
117,117,1940-10-01,134.3,0.0,9,0,0.0,10357.347718747542,0.0,-0.36151196008900777
118,118,1940-11-01,134.4,0.0,9,0,0.0,10357.347718747542,0.0,-0.36151196008900777
119,119,1940-12-02,130.9,0.0,9,0,0.0,10357.347718747542,0.0,-0.36151196008900777
120,120,1941-01-02,130.6,0.0,9,0,0.0,10357.347718747542,0.0,-0.36151196008900777
121,121,1941-02-01,123.3,0.0,9,0,0.0,10357.347718747542,0.0,-0.36151196008900777
122,122,1941-03-01,121.9,0.0,9,1,84.96593698726448,10357.347718747542,0.0,-0.36151196008900777
123,123,1941-04-01,123.3,0.0,9,1,84.96593698726448,10476.30003052971,1.15,-0.354179037563369
124,124,1941-05-01,115.3,0.0,9,0,0.0,9796.572534631594,-6.49,-0.39608145199559164
125,125,1941-06-02,116.2,0.0,9,0,0.0,9796.572534631594,0.0,-0.39608145199559164
126,126,1941-07-01,122.9,0.0,9,0,0.0,9796.572534631594,0.0,-0.39608145199559164
127,127,1941-08-01,128.2,0.0,9,0,0.0,9796.572534631594,0.0,-0.39608145199559164
128,128,1941-09-02,128.3,0.0,9,0,0.0,9796.572534631594,0.0,-0.39608145199559164
129,129,1941-10-01,126.9,0.0,9,0,0.0,9796.572534631594,0.0,-0.39608145199559164
130,130,1941-11-01,118.1,0.0,9,0,0.0,9796.572534631594,0.0,-0.39608145199559164
131,131,1941-12-01,113.6,0.0,9,0,0.0,9796.572534631594,0.0,-0.39608145199559164
132,132,1942-01-02,112.8,0.0,9,0,0.0,9796.572534631594,0.0,-0.39608145199559164
133,133,1942-02-02,109.5,0.0,9,0,0.0,9796.572534631594,0.0,-0.39608145199559164
134,134,1942-03-02,105.8,0.0,9,0,0.0,9796.572534631594,0.0,-0.39608145199559164
135,135,1942-04-01,100.0,0.0,9,0,0.0,9796.572534631594,0.0,-0.39608145199559164
136,136,1942-05-01,95.8,0.0,9,1,102.26067363916069,9796.572534631594,0.0,-0.39608145199559164
137,137,1942-06-01,101.4,0.0,9,0,0.0,10369.232307010894,5.85,-0.3607793239285281
138,138,1942-07-01,102.7,0.0,9,0,0.0,10369.232307010894,0.0,-0.3607793239285281
139,139,1942-08-01,105.9,0.0,9,0,0.0,10369.232307010894,0.0,-0.3607793239285281
140,140,1942-09-01,106.3,0.0,9,0,0.0,10369.232307010894,0.0,-0.3607793239285281
141,141,1942-10-01,109.7,0.0,9,0,0.0,10369.232307010894,0.0,-0.3607793239285281
142,142,1942-11-02,114.7,0.0,9,1,90.40307155196943,10369.232307010894,0.0,-0.3607793239285281
143,143,1942-12-01,114.6,0.0,9,1,90.40307155196943,10360.191999855697,-0.09,-0.36133662181525117
144,144,1943-01-02,119.9,0.0,9,1,90.40307155196943,10839.328279081135,4.62,-0.3317998338189233
145,145,1943-02-01,125.9,0.0,9,0,0.0,11381.746708392951,5.0,-0.29836196061553344
146,146,1943-03-01,129.4,0.0,9,1,87.95785709731801,11381.746708392951,0.0,-0.29836196061553344
147,147,1943-04-01,136.6,0.0,9,1,87.95785709731801,12015.04327949364,5.56,-0.25932182241176094
148,148,1943-05-01,136.2,0.0,9,1,87.95785709731801,11979.860136654712,-0.29,-0.2614907189786373
149,149,1943-06-01,142.4,0.0,9,1,87.95785709731801,12525.198850658086,4.55,-0.2278728221920553
150,150,1943-07-01,143.6,0.0,9,1,87.95785709731801,12630.748279174866,0.84,-0.22136613249142667
151,151,1943-08-02,134.0,0.0,9,1,87.95785709731801,11786.352851040614,-6.69,-0.2734196500964565
152,152,1943-09-01,137.1,0.0,9,1,87.95785709731801,12059.0222080423,2.31,-0.2566107017031657
153,153,1943-10-01,140.3,0.0,9,1,87.95785709731801,12340.487350753718,2.33,-0.23925952916815563
154,154,1943-11-01,138.5,0.0,9,1,87.95785709731801,12182.163207978545,-1.28,-0.24901956371909872
155,155,1943-12-01,130.7,0.0,9,1,87.95785709731801,11496.091922619464,-5.63,-0.2913130467731857
156,156,1944-01-03,135.9,0.0,9,0,0.0,11953.472779525518,3.98,-0.2631173914037943
157,157,1944-02-01,137.5,0.0,9,1,86.93434748745831,11953.472779525518,0.0,-0.2631173914037943
158,158,1944-03-01,136.4,0.0,9,0,0.0,11857.844997289314,-0.8,-0.269012452272564
159,159,1944-04-01,138.8,0.0,9,0,0.0,11857.844997289314,0.0,-0.269012452272564
160,160,1944-05-01,137.1,0.0,9,1,86.49048138066604,11857.844997289314,0.0,-0.269012452272564
161,161,1944-06-01,142.1,0.0,9,1,86.49048138066604,12290.297404192645,3.65,-0.242353533682942
162,162,1944-07-01,148.5,0.0,9,1,86.49048138066604,12843.836485028907,4.5,-0.20823011788822576
163,163,1944-08-01,146.4,0.0,9,1,86.49048138066604,12662.206474129509,-1.41,-0.21942686369586706
164,164,1944-09-01,147.2,0.0,9,1,86.49048138066604,12731.39885923404,0.55,-0.21516143672152765
165,165,1944-10-02,146.9,0.0,9,1,86.49048138066604,12705.451714819841,-0.2,-0.2167609718369049
166,166,1944-11-01,146.7,0.0,9,1,86.49048138066604,12688.153618543707,-0.14,-0.2178273285804898
167,167,1944-12-01,147.3,0.0,9,1,86.49048138066604,12740.047907372109,0.41,-0.21462825834973498
168,168,1945-01-02,152.6,0.0,9,1,86.49048138066604,13198.447458689638,3.6,-0.18636980464473574
169,169,1945-02-01,153.8,0.0,9,1,86.49048138066604,13302.236036346438,0.79,-0.1799716641832264
170,170,1945-03-01,160.7,0.0,9,1,86.49048138066604,13899.020357873032,4.49,-0.14318235652954803
171,171,1945-04-02,155.9,0.0,9,1,86.49048138066604,13483.866047245836,-2.99,-0.16877491837558523
172,172,1945-05-01,165.1,0.0,9,1,86.49048138066604,14279.578475947963,5.9,-0.11972250817068064
173,173,1945-06-01,168.1,0.0,9,1,86.49048138066604,14539.049920089961,1.82,-0.10372715701690749
174,174,1945-07-02,165.9,0.0,9,1,86.49048138066604,14348.770861052497,-1.31,-0.11545708119634113
175,175,1945-08-01,162.7,0.0,9,1,86.49048138066604,14072.001320634363,-1.93,-0.1325187890936994
176,176,1945-09-04,173.9,0.0,9,1,86.49048138066604,15040.694712097826,6.88,-0.07280281145294587
177,177,1945-10-01,183.4,0.0,9,1,86.49048138066604,15862.354285214153,5.46,-0.022150866132664038
178,178,1945-11-01,188.8,0.0,9,1,86.49048138066604,16329.40288466975,2.94,0.0
179,179,1945-12-01,192.4,0.0,9,1,86.49048138066604,16640.768617640148,1.91,0.0
180,180,1946-01-02,191.7,0.0,4,1,86.49048138066604,16580.22528067368,-0.36,-0.0036382536382537634
181,181,1946-02-01,205.8,0.0,4,1,86.49048138066604,17799.741068141073,7.36,0.0
182,182,1946-03-01,189.4,0.0,4,1,86.49048138066604,16381.29717349815,-7.97,-0.0796890184645287
183,183,1946-04-01,199.2,0.0,4,1,86.49048138066604,17228.903891028673,5.17,-0.032069970845481244
184,184,1946-05-01,205.7,0.0,4,1,86.49048138066604,17791.092020003005,3.26,-0.0004859086491739717
185,185,1946-06-03,211.5,0.0,4,1,86.49048138066604,18292.736812010866,2.82,0.0
186,186,1946-07-01,206.5,0.0,4,1,86.49048138066604,17860.284405107537,-2.36,-0.023640661938534202
187,187,1946-08-01,202.3,0.0,4,1,86.49048138066604,17497.02438330874,-2.03,-0.043498817966902914
188,188,1946-09-03,178.7,0.0,4,0,0.0,15455.84902272502,-11.67,-0.15508274231678487
189,189,1946-10-01,171.5,0.0,4,0,0.0,15455.84902272502,0.0,-0.15508274231678487
190,190,1946-11-01,171.8,0.0,4,0,0.0,15455.84902272502,0.0,-0.15508274231678487
191,191,1946-12-02,167.5,0.0,4,0,0.0,15455.84902272502,0.0,-0.15508274231678487
192,192,1947-01-02,176.4,0.0,9,0,0.0,15455.84902272502,0.0,-0.15508274231678487
193,193,1947-02-01,180.9,0.0,9,0,0.0,15455.84902272502,0.0,-0.15508274231678487
194,194,1947-03-01,179.3,0.0,9,0,0.0,15455.84902272502,0.0,-0.15508274231678487
195,195,1947-04-01,177.5,0.0,9,0,0.0,15455.84902272502,0.0,-0.15508274231678487
196,196,1947-05-01,171.9,0.0,9,0,0.0,15455.84902272502,0.0,-0.15508274231678487
197,197,1947-06-02,168.0,0.0,9,0,0.0,15455.84902272502,0.0,-0.15508274231678487
198,198,1947-07-01,180.3,0.0,9,1,85.7229563101776,15455.84902272502,0.0,-0.15508274231678487
199,199,1947-08-01,183.8,0.0,9,1,85.7229563101776,15755.879369810642,1.94,-0.13868113165737694
200,200,1947-09-02,179.8,0.0,9,1,85.7229563101776,15412.987544569933,-2.18,-0.1574258295538431
201,201,1947-10-01,178.1,0.0,9,1,85.7229563101776,15267.25851884263,-0.95,-0.16539232615984134
202,202,1947-11-01,182.5,0.0,9,1,85.7229563101776,15644.439526607412,2.47,-0.1447731584737284
203,203,1947-12-01,180.6,0.0,9,1,85.7229563101776,15481.565909618073,-1.04,-0.15367688997454987
204,204,1948-01-02,181.0,0.0,9,1,85.7229563101776,15515.855092142145,0.22,-0.1518024201849033
205,205,1948-02-02,174.9,0.0,9,1,85.7229563101776,14992.945058650062,-3.37,-0.18038808447701415
206,206,1948-03-01,168.1,0.0,9,1,85.7229563101776,14410.028955740852,-3.89,-0.2122540709010069
207,207,1948-04-01,177.6,0.0,9,0,0.0,15224.39704068754,5.65,-0.16773541339689957
208,208,1948-05-01,180.3,0.0,9,0,0.0,15224.39704068754,0.0,-0.16773541339689957
209,209,1948-06-01,191.2,0.0,9,1,79.62550753497668,15224.39704068754,0.0,-0.16773541339689957
210,210,1948-07-01,189.0,0.0,9,1,79.62550753497668,15049.220924110592,-1.15,-0.17731167956074279
211,211,1948-08-02,181.1,0.0,9,0,0.0,14420.179414584276,-4.18,-0.21169918078545247
212,212,1948-09-01,183.6,0.0,9,1,78.54128221451131,14420.179414584276,0.0,-0.21169918078545247
213,213,1948-10-01,179.9,0.0,9,0,0.0,14129.576670390585,-2.02,-0.2275854173382511
214,214,1948-11-01,189.8,0.0,9,1,74.44455569225808,14129.576670390585,0.0,-0.2275854173382511
215,215,1948-12-01,173.2,0.0,9,1,74.44455569225808,12893.797045899099,-8.75,-0.29514117114323024
216,216,1949-01-03,175.0,0.0,9,0,0.0,13027.797246145163,1.04,-0.28781584844148556
217,217,1949-02-01,180.4,0.0,9,1,72.2161709875009,13027.797246145163,0.0,-0.28781584844148556
218,218,1949-03-01,174.2,0.0,9,0,0.0,12580.056986022657,-3.44,-0.31229224389416177
219,219,1949-04-01,176.3,0.0,9,0,0.0,12580.056986022657,0.0,-0.31229224389416177
220,220,1949-05-02,174.5,0.0,9,0,0.0,12580.056986022657,0.0,-0.31229224389416177
221,221,1949-06-01,168.0,0.0,9,0,0.0,12580.056986022657,0.0,-0.31229224389416177
222,222,1949-07-01,168.2,0.0,9,0,0.0,12580.056986022657,0.0,-0.31229224389416177
223,223,1949-08-01,176.8,0.0,9,0,0.0,12580.056986022657,0.0,-0.31229224389416177
224,224,1949-09-01,179.5,0.0,9,1,70.08388293048834,12580.056986022657,0.0,-0.31229224389416177
225,225,1949-10-01,182.0,0.0,9,1,70.08388293048834,12755.266693348878,1.39,-0.30271414144143427
226,226,1949-11-01,191.2,0.0,9,1,70.08388293048834,13400.038416309371,5.05,-0.26746672441539676
227,227,1949-12-01,192.7,0.0,9,1,70.08388293048834,13505.164240705102,0.78,-0.2617198629437604
228,228,1950-01-03,198.9,0.0,9,1,70.08388293048834,13939.684314874132,3.22,-0.23796616886099597
229,229,1950-02-01,201.9,0.0,9,1,70.08388293048834,14149.935963665597,1.51,-0.22647244591772286
230,230,1950-03-01,203.6,0.0,9,1,70.08388293048834,14269.078564647427,0.84,-0.2199593362498682
231,231,1950-04-01,206.4,0.0,9,1,70.08388293048834,14465.313436852795,1.38,-0.20923186150281325
232,232,1950-05-01,215.8,0.0,9,1,70.08388293048834,15124.101936399386,4.55,-0.17321819628055768
233,233,1950-06-01,223.2,0.0,9,1,70.08388293048834,15642.722670084997,3.43,-0.14486701302048421
234,234,1950-07-03,208.4,0.0,9,1,70.08388293048834,14605.48120271377,-6.63,-0.20156937954063125
235,235,1950-08-01,211.9,0.0,9,1,70.08388293048834,14850.77479297048,1.68,-0.18816003610681264
236,236,1950-09-01,218.4,0.0,9,1,70.08388293048834,15306.320032018655,3.07,-0.16325696972972104
237,237,1950-10-02,228.9,0.0,9,1,70.08388293048834,16042.200802788782,4.81,-0.12302893942826532
238,238,1950-11-01,225.7,0.0,9,1,70.08388293048834,15817.932377411218,-1.4,-0.1352889105677566
239,239,1950-12-01,228.9,0.0,9,1,70.08388293048834,16042.200802788782,1.42,-0.12302893942826532
240,240,1951-01-02,239.9,0.0,6,1,70.08388293048834,16813.123515024155,4.81,-0.08088528863626399
241,241,1951-02-01,250.8,0.0,6,1,70.08388293048834,17577.037838966477,4.54,-0.03912476194237191
242,242,1951-03-01,252.8,0.0,6,1,70.08388293048834,17717.205604827453,0.8,-0.03146227998018991
243,243,1951-04-02,246.7,0.0,6,1,70.08388293048834,17289.693918951474,-2.41,-0.054832849964845165
244,244,1951-05-01,260.7,0.0,6,1,70.08388293048834,18270.86827997831,5.67,-0.0011954762295709465
245,245,1951-06-01,249.3,0.0,6,1,70.08388293048834,17471.912014570746,-4.37,-0.04487162341400841
246,246,1951-07-02,244.0,0.0,6,1,70.08388293048834,17100.467435039154,-2.13,-0.06517720061379095
247,247,1951-08-01,259.9,0.0,6,1,70.08388293048834,18214.801173633918,6.52,-0.0042604690144437685
248,248,1951-09-04,270.6,0.0,6,1,70.08388293048834,18964.69872099015,4.12,0.0
249,249,1951-10-01,272.6,0.0,6,1,70.08388293048834,19104.866486851122,0.74,0.0
250,250,1951-11-01,264.1,0.0,6,1,70.08388293048834,18509.153481941972,-3.12,-0.031181217901687375
251,251,1951-12-01,262.3,0.0,6,1,70.08388293048834,18383.002492667092,-0.68,-0.03778429933969185
252,252,1952-01-02,269.9,0.0,6,1,70.08388293048834,18915.640002938802,2.9,-0.009904622157006715
253,253,1952-02-01,271.7,0.0,6,1,70.08388293048834,19041.790992213682,0.67,-0.0033015407190022383
254,254,1952-03-01,260.3,0.0,6,0,0.0,18242.834726806115,-4.2,-0.04512105649303011
255,255,1952-04-01,267.2,0.0,6,0,0.0,18242.834726806115,0.0,-0.04512105649303011
256,256,1952-05-01,256.4,0.0,6,0,0.0,18242.834726806115,0.0,-0.04512105649303011
257,257,1952-06-02,262.3,0.0,6,1,69.54950334276063,18242.834726806115,0.0,-0.04512105649303011
258,258,1952-07-01,275.5,0.0,6,1,69.54950334276063,19160.888170930553,5.03,0.0
259,259,1952-08-01,279.8,0.0,6,1,69.54950334276063,19459.951035304424,1.56,0.0
260,260,1952-09-02,276.4,0.0,6,1,69.54950334276063,19223.482723939036,-1.22,-0.012151536812008645
261,261,1952-10-01,270.2,0.0,6,1,69.54950334276063,18792.27580321392,-2.24,-0.03431022158684782
262,262,1952-11-03,270.2,0.0,6,1,69.54950334276063,18792.27580321392,0.0,-0.03431022158684782
263,263,1952-12-01,283.7,0.0,6,1,69.54950334276063,19731.19409834119,5.0,0.0
264,264,1953-01-02,292.1,0.0,6,1,69.54950334276063,20315.409926420383,2.96,0.0
265,265,1953-02-02,290.0,0.0,6,1,69.54950334276063,20169.35596940058,-0.72,-0.007189318726463778
266,266,1953-03-02,284.7,0.0,6,1,69.54950334276063,19800.74360168395,-1.83,-0.025333789798014594
267,267,1953-04-01,280.1,0.0,6,1,69.54950334276063,19480.815886307253,-1.62,-0.04108182129407745
268,268,1953-05-01,275.7,0.0,6,1,69.54950334276063,19174.798071599103,-1.57,-0.05614515576857271
269,269,1953-06-01,268.4,0.0,6,0,0.0,18667.08669719695,-2.65,-0.081136597055803
270,270,1953-07-01,269.4,0.0,6,0,0.0,18667.08669719695,0.0,-0.081136597055803
271,271,1953-08-03,276.1,0.0,6,0,0.0,18667.08669719695,0.0,-0.081136597055803
272,272,1953-09-01,262.5,0.0,6,0,0.0,18667.08669719695,0.0,-0.081136597055803
273,273,1953-10-01,265.7,0.0,6,0,0.0,18667.08669719695,0.0,-0.081136597055803
274,274,1953-11-02,276.7,0.0,6,1,67.46326959594128,18667.08669719695,0.0,-0.081136597055803
275,275,1953-12-01,281.1,0.0,6,1,67.46326959594128,18963.925083419097,1.59,-0.0665251081763143
276,276,1954-01-04,282.9,0.0,6,1,67.46326959594128,19085.358968691788,0.64,-0.0605476809074329
277,277,1954-02-01,291.8,0.0,6,1,67.46326959594128,19685.78206809567,3.15,-0.030992623855740087
278,278,1954-03-01,296.6,0.0,6,1,67.46326959594128,20009.605762156185,1.64,-0.01505281780538903
279,279,1954-04-01,306.3,0.0,6,1,67.46326959594128,20663.999477236815,3.27,0.0
280,280,1954-05-03,319.4,0.0,6,1,67.46326959594128,21547.768308943643,4.28,0.0
281,281,1954-06-01,328.7,0.0,6,1,67.46326959594128,22175.1767161859,2.91,0.0
282,282,1954-07-01,334.1,0.0,6,1,67.46326959594128,22539.478372003985,1.64,0.0
283,283,1954-08-02,349.6,0.0,6,1,67.46326959594128,23585.159050741073,4.64,0.0
284,284,1954-09-01,338.1,0.0,6,1,67.46326959594128,22809.33145038775,-3.29,-0.03289473684210531
285,285,1954-10-01,359.9,0.0,6,1,67.46326959594128,24280.030727579266,6.45,0.0
286,286,1954-11-01,354.0,0.0,6,1,67.46326959594128,23881.997436963215,-1.64,-0.016393442622950727
287,287,1954-12-01,384.0,0.0,6,1,67.46326959594128,25905.895524841453,8.47,0.0
288,288,1955-01-03,408.9,0.0,6,1,67.46326959594128,27585.73093778039,6.48,0.0
289,289,1955-02-01,409.7,0.0,6,1,67.46326959594128,27639.701553457144,0.2,0.0
290,290,1955-03-01,413.7,0.0,6,1,67.46326959594128,27909.554631840907,0.98,0.0
291,291,1955-04-01,413.8,0.0,6,1,67.46326959594128,27916.300958800504,0.02,0.0
292,292,1955-05-02,426.3,0.0,6,1,67.46326959594128,28759.59182874977,3.02,0.0
293,293,1955-06-01,424.9,0.0,6,1,67.46326959594128,28665.14325131545,-0.33,-0.003284072249589598
294,294,1955-07-01,453.8,0.0,6,1,67.46326959594128,30614.831742638155,6.8,0.0
295,295,1955-08-01,460.3,0.0,6,1,67.46326959594128,31053.342995011775,1.43,0.0
296,296,1955-09-01,469.6,0.0,6,1,67.46326959594128,31680.751402254027,2.02,0.0
297,297,1955-10-03,455.7,0.0,6,1,67.46326959594128,30743.011954870442,-2.96,-0.02959965928449748
298,298,1955-11-01,454.9,0.0,6,1,67.46326959594128,30689.04133919369,-0.18,-0.031303236797274314
299,299,1955-12-01,481.4,0.0,6,1,67.46326959594128,32476.817983486133,5.83,0.0
300,300,1956-01-03,485.8,0.0,6,1,67.46326959594128,32773.656369708275,0.91,0.0
301,301,1956-02-01,473.3,0.0,6,1,67.46326959594128,31930.36549975901,-2.57,-0.02573075339645947
302,302,1956-03-01,486.7,0.0,6,1,67.46326959594128,32834.37331234462,2.83,0.0
303,303,1956-04-02,515.1,0.0,6,1,67.46326959594128,34750.330168869354,5.84,0.0
304,304,1956-05-01,514.0,0.0,6,1,67.46326959594128,34676.12057231382,-0.21,-0.0021355076684138607
305,305,1956-06-01,480.6,0.0,6,0,0.0,32422.847367809383,-6.5,-0.06697728596389041
306,306,1956-07-02,491.9,0.0,6,1,65.91349332752466,32422.847367809383,0.0,-0.06697728596389041
307,307,1956-08-01,518.7,0.0,6,1,65.91349332752466,34189.32898898704,5.45,-0.016143765459381898
308,308,1956-09-04,507.7,0.0,6,1,65.91349332752466,33464.28056238427,-2.12,-0.03700827014406827
309,309,1956-10-01,468.7,0.0,6,0,0.0,30893.654322610808,-7.68,-0.11098242311704709
310,310,1956-11-01,487.6,0.0,6,0,0.0,30893.654322610808,0.0,-0.11098242311704709
311,311,1956-12-03,480.6,0.0,6,1,64.28142805370538,30893.654322610808,0.0,-0.11098242311704709
312,312,1957-01-02,496.0,0.0,6,1,64.28142805370538,31883.58831463787,3.2,-0.0824953846567944
313,313,1957-02-01,477.2,0.0,6,0,0.0,30675.097467228206,-3.79,-0.11727176927060945
314,314,1957-03-01,468.9,0.0,6,0,0.0,30675.097467228206,0.0,-0.11727176927060945
315,315,1957-04-01,475.0,0.0,6,1,64.57915256258569,30675.097467228206,0.0,-0.11727176927060945
316,316,1957-05-01,495.8,0.0,6,1,64.57915256258569,32018.343840529986,4.38,-0.07861756464077518
317,317,1957-06-03,503.8,0.0,6,1,64.57915256258569,32534.977061030673,1.61,-0.06375056286006964
318,318,1957-07-01,503.3,0.0,6,1,64.57915256258569,32502.68748474938,-0.1,-0.06467975047136376
319,319,1957-08-01,506.2,0.0,6,1,64.57915256258569,32689.967027180875,0.58,-0.059290462325858106
320,320,1957-09-03,486.1,0.0,6,1,64.57915256258569,31391.926060672904,-3.97,-0.09664380429988073
321,321,1957-10-01,460.8,0.0,6,0,0.0,29758.073500839488,-5.2,-0.1436606974313619
322,322,1957-11-01,434.7,0.0,6,0,0.0,29758.073500839488,0.0,-0.1436606974313619
323,323,1957-12-02,446.9,0.0,6,0,0.0,29758.073500839488,0.0,-0.1436606974313619
324,324,1958-01-02,439.3,0.0,6,0,0.0,29758.073500839488,0.0,-0.1436606974313619
325,325,1958-02-03,454.0,0.0,6,0,0.0,29758.073500839488,0.0,-0.1436606974313619
326,326,1958-03-03,444.4,0.0,6,0,0.0,29758.073500839488,0.0,-0.1436606974313619
327,327,1958-04-01,445.5,0.0,6,0,0.0,29758.073500839488,0.0,-0.1436606974313619
328,328,1958-05-01,457.0,0.0,6,1,65.11613457514112,29758.073500839488,0.0,-0.1436606974313619
329,329,1958-06-02,466.1,0.0,6,1,65.11613457514112,30350.630325473277,1.99,-0.12660886449181108
330,330,1958-07-01,478.8,0.0,6,1,65.11613457514112,31177.605234577568,2.72,-0.10281125148826264
331,331,1958-08-01,505.4,0.0,6,1,65.11613457514112,32909.69441427632,5.56,-0.05296743212649957
332,332,1958-09-02,511.8,0.0,6,1,65.11613457514112,33326.43767555722,1.27,-0.04097493423494736
333,333,1958-10-01,530.9,0.0,6,1,65.11613457514112,34570.15584594242,3.73,-0.005184823339846711
334,334,1958-11-03,545.2,0.0,6,1,65.11613457514112,35501.316570366944,2.69,0.0
335,335,1958-12-01,560.1,0.0,6,1,65.11613457514112,36471.54697553654,2.73,0.0
336,336,1959-01-02,587.6,0.0,6,1,65.11613457514112,38262.24067635292,4.91,0.0
337,337,1959-02-02,592.2,0.0,6,1,65.11613457514112,38561.77489539857,0.78,0.0
338,338,1959-03-02,605.0,0.0,6,1,65.11613457514112,39395.26141796038,2.16,0.0
339,339,1959-04-01,602.9,0.0,6,1,65.11613457514112,39258.51753535258,-0.35,-0.003471074380165362
340,340,1959-05-01,625.1,0.0,6,1,65.11613457514112,40704.09572292071,3.68,0.0
341,341,1959-06-01,643.5,0.0,6,1,65.11613457514112,41902.23259910331,2.94,0.0
342,342,1959-07-01,650.9,0.0,6,1,65.11613457514112,42384.09199495935,1.15,0.0
343,343,1959-08-03,678.1,0.0,6,1,65.11613457514112,44155.250855403196,4.18,0.0
344,344,1959-09-01,655.9,0.0,6,1,65.11613457514112,42709.67266783506,-3.27,-0.03273853413950745
345,345,1959-10-01,633.6,0.0,6,1,65.11613457514112,41257.58286680941,-3.4,-0.06562453915351729
346,346,1959-11-02,645.5,0.0,6,1,65.11613457514112,42032.46486825359,1.88,-0.048075505087745274
347,347,1959-12-01,664.4,0.0,6,1,65.11613457514112,43263.15981172376,2.93,-0.02020350980681318
348,348,1960-01-04,679.1,0.0,6,1,65.11613457514112,44220.366989978334,2.21,0.0
349,349,1960-02-01,626.2,0.0,6,0,0.0,40775.72347095337,-7.79,-0.07789721690472673
350,350,1960-03-01,626.9,0.0,6,0,0.0,40775.72347095337,0.0,-0.07789721690472673
351,351,1960-04-01,616.0,0.0,6,0,0.0,40775.72347095337,0.0,-0.07789721690472673
352,352,1960-05-02,599.6,0.0,6,0,0.0,40775.72347095337,0.0,-0.07789721690472673
353,353,1960-06-01,624.9,0.0,6,0,0.0,40775.72347095337,0.0,-0.07789721690472673
354,354,1960-07-01,641.3,0.0,6,0,0.0,40775.72347095337,0.0,-0.07789721690472673
355,355,1960-08-01,617.9,0.0,6,0,0.0,40775.72347095337,0.0,-0.07789721690472673
356,356,1960-09-01,626.1,0.0,6,0,0.0,40775.72347095337,0.0,-0.07789721690472673
357,357,1960-10-03,577.8,0.0,6,0,0.0,40775.72347095337,0.0,-0.07789721690472673
358,358,1960-11-01,585.2,0.0,6,0,0.0,40775.72347095337,0.0,-0.07789721690472673
359,359,1960-12-01,594.6,0.0,6,0,0.0,40775.72347095337,0.0,-0.07789721690472673
360,360,1961-01-03,610.3,0.0,6,0,0.0,40775.72347095337,0.0,-0.07789721690472673
361,361,1961-02-01,649.4,0.0,6,1,62.789842117267284,40775.72347095337,0.0,-0.07789721690472673
362,362,1961-03-01,663.0,0.0,6,1,62.789842117267284,41629.66532374821,2.09,-0.058586163855611106
363,363,1961-04-03,677.6,0.0,6,1,62.789842117267284,42546.39701866031,2.2,-0.037855180435236946
364,364,1961-05-01,677.1,0.0,6,1,62.789842117267284,42515.00209760168,-0.07,-0.03856514562086599
365,365,1961-06-01,695.4,0.0,6,1,62.789842117267284,43664.05620834767,2.7,-0.012580419826835554
366,366,1961-07-03,689.8,0.0,6,1,62.789842117267284,43312.43309249097,-0.81,-0.02053202990588321
367,367,1961-08-01,713.9,0.0,6,1,62.789842117267284,44825.66828751711,3.49,0.0
368,368,1961-09-01,721.2,0.0,6,1,62.789842117267284,45284.03413497317,1.02,0.0
369,369,1961-10-02,699.8,0.0,6,1,62.789842117267284,43940.331513663645,-2.97,-0.02967276760953974
370,370,1961-11-01,703.8,0.0,6,1,62.789842117267284,44191.49088213271,0.57,-0.024126455906822053
371,371,1961-12-01,728.8,0.0,6,1,62.789842117267284,45761.23693506439,3.55,0.0
372,372,1962-01-02,724.7,0.0,6,1,62.789842117267284,45503.798582383606,-0.56,-0.005625686059275381
373,373,1962-02-01,702.5,0.0,6,0,0.0,44109.864087380265,-3.06,-0.0360867178924259
374,374,1962-03-01,711.8,0.0,6,0,0.0,44109.864087380265,0.0,-0.0360867178924259
375,375,1962-04-02,705.4,0.0,6,1,62.53170412160514,44109.864087380265,0.0,-0.0360867178924259
376,376,1962-05-01,671.2,0.0,6,0,0.0,41971.27980642137,-4.85,-0.08282025099148882
377,377,1962-06-01,611.1,0.0,6,0,0.0,41971.27980642137,0.0,-0.08282025099148882
378,378,1962-07-02,573.8,0.0,6,0,0.0,41971.27980642137,0.0,-0.08282025099148882
379,379,1962-08-01,591.4,0.0,6,0,0.0,41971.27980642137,0.0,-0.08282025099148882
380,380,1962-09-04,602.5,0.0,6,0,0.0,41971.27980642137,0.0,-0.08282025099148882
381,381,1962-10-01,572.0,0.0,6,0,0.0,41971.27980642137,0.0,-0.08282025099148882
382,382,1962-11-01,597.1,0.0,6,0,0.0,41971.27980642137,0.0,-0.08282025099148882
383,383,1962-12-03,646.4,0.0,6,1,64.93081653221128,41971.27980642137,0.0,-0.08282025099148882
384,384,1963-01-02,646.8,0.0,6,1,64.93081653221128,41997.25213303426,0.06,-0.08225268926561724
385,385,1963-02-01,683.2,0.0,6,1,64.93081653221128,44360.73385480675,5.63,-0.030604572211301195
386,386,1963-03-01,659.7,0.0,6,1,64.93081653221128,42834.85966629979,-3.44,-0.06394882360625787
387,387,1963-04-01,685.9,0.0,6,1,64.93081653221128,44536.047059443714,3.97,-0.02677353056166809
388,388,1963-05-01,719.7,0.0,6,1,64.93081653221128,46730.70865823246,4.93,0.0
389,389,1963-06-03,726.3,0.0,6,1,64.93081653221128,47159.25204734505,0.92,0.0
390,390,1963-07-01,701.4,0.0,6,1,64.93081653221128,45542.47471569299,-3.43,-0.03428335398595628
391,391,1963-08-01,694.9,0.0,6,1,64.93081653221128,45120.424408233615,-0.93,-0.04323282390196892
392,392,1963-09-03,732.0,0.0,6,1,64.93081653221128,47529.35770157866,5.34,0.0
393,393,1963-10-01,738.3,0.0,6,1,64.93081653221128,47938.42184573159,0.86,0.0
394,394,1963-11-01,753.7,0.0,6,1,64.93081653221128,48938.35642032765,2.09,0.0
395,395,1963-12-02,751.9,0.0,6,1,64.93081653221128,48821.48095056966,-0.24,-0.0023882181239220923
396,396,1964-01-02,766.1,0.0,6,1,64.93081653221128,49743.498545327064,1.89,0.0
397,397,1964-02-03,784.7,0.0,6,1,64.93081653221128,50951.211732826196,2.43,0.0
398,398,1964-03-02,802.8,0.0,6,1,64.93081653221128,52126.45951205921,2.31,0.0
399,399,1964-04-01,816.1,0.0,6,1,64.93081653221128,52990.03937193763,1.66,0.0
400,400,1964-05-01,817.1,0.0,6,1,64.93081653221128,53054.97018846984,0.12,0.0
401,401,1964-06-01,818.6,0.0,6,1,64.93081653221128,53152.36641326816,0.18,0.0
402,402,1964-07-01,838.1,0.0,6,1,64.93081653221128,54418.51733564628,2.38,0.0
403,403,1964-08-03,840.4,0.0,6,1,64.93081653221128,54567.85821367036,0.27,0.0
404,404,1964-09-01,844.0,0.0,6,1,64.93081653221128,54801.60915318632,0.43,0.0
405,405,1964-10-01,872.0,0.0,6,1,64.93081653221128,56619.67201608824,3.32,0.0
406,406,1964-11-02,875.5,0.0,6,1,64.93081653221128,56846.929873950976,0.4,0.0
407,407,1964-12-01,864.4,0.0,6,1,64.93081653221128,56126.19781044343,-1.27,-0.012678469446030793
408,408,1965-01-04,869.8,0.0,6,1,64.93081653221128,56476.82421971737,0.62,-0.006510565391205092
409,409,1965-02-01,903.7,0.0,6,1,64.93081653221128,58677.97890015934,3.9,0.0
410,410,1965-03-01,899.8,0.0,6,1,64.93081653221128,58424.74871568371,-0.43,-0.004315591457342172
411,411,1965-04-01,890.3,0.0,6,1,64.93081653221128,57807.9059586277,-1.06,-0.01482792962266255
412,412,1965-05-03,922.1,0.0,6,1,64.93081653221128,59872.70592435203,3.57,0.0
413,413,1965-06-01,908.5,0.0,6,1,64.93081653221128,58989.646819513946,-1.47,-0.014748942630951167
414,414,1965-07-01,871.6,0.0,6,1,64.93081653221128,56593.699689475354,-4.06,-0.054766294328164045
415,415,1965-08-02,881.9,0.0,6,0,0.0,57262.48709975713,1.18,-0.04359613924737027
416,416,1965-09-01,893.6,0.0,6,0,0.0,57262.48709975713,0.0,-0.04359613924737027
417,417,1965-10-01,929.7,0.0,6,1,61.59243530144899,57262.48709975713,0.0,-0.04359613924737027
418,418,1965-11-01,959.0,0.0,6,1,61.59243530144899,59067.14545408958,3.15,-0.013454552584950097
419,419,1965-12-01,947.6,0.0,6,1,61.59243530144899,58364.991691653064,-1.19,-0.02518199585974834
420,420,1966-01-03,968.5,0.0,6,1,61.59243530144899,59652.27358945335,2.21,-0.0036816831892848567
421,421,1966-02-01,975.9,0.0,6,1,61.59243530144899,60108.05761068407,0.76,0.0
422,422,1966-03-01,938.2,0.0,6,1,61.59243530144899,57786.02279981944,-3.86,-0.03863100727533564
423,423,1966-04-01,931.3,0.0,6,1,61.59243530144899,57361.03499623944,-0.74,-0.04570140383235988
424,424,1966-05-02,932.0,0.0,6,0,0.0,57404.14970095045,0.08,-0.04498411722512563
425,425,1966-06-01,883.6,0.0,6,0,0.0,57404.14970095045,0.0,-0.04498411722512563
426,426,1966-07-01,877.1,0.0,6,0,0.0,57404.14970095045,0.0,-0.04498411722512563
427,427,1966-08-01,835.2,0.0,6,0,0.0,57404.14970095045,0.0,-0.04498411722512563
428,428,1966-09-01,792.1,0.0,6,0,0.0,57404.14970095045,0.0,-0.04498411722512563
429,429,1966-10-03,758.0,0.0,6,0,0.0,57404.14970095045,0.0,-0.04498411722512563
430,430,1966-11-01,809.6,0.0,6,0,0.0,57404.14970095045,0.0,-0.04498411722512563
431,431,1966-12-01,789.8,0.0,6,0,0.0,57404.14970095045,0.0,-0.04498411722512563
432,432,1967-01-03,786.4,0.0,6,0,0.0,57404.14970095045,0.0,-0.04498411722512563
433,433,1967-02-01,848.4,0.0,6,1,67.66165688466579,57404.14970095045,0.0,-0.04498411722512563
434,434,1967-03-01,843.5,0.0,6,1,67.66165688466579,57072.60758221559,-0.58,-0.050499885524980415
435,435,1967-04-03,860.0,0.0,6,1,67.66165688466579,58189.024920812575,1.96,-0.0319263800254691
436,436,1967-05-01,892.9,0.0,6,1,67.66165688466579,60415.093432318085,3.83,0.0
437,437,1967-06-01,865.0,0.0,6,1,67.66165688466579,58527.333205235904,-3.12,-0.03124650016799202
438,438,1967-07-03,859.7,0.0,6,1,67.66165688466579,58168.72642374718,-0.61,-0.03718221525366783
439,439,1967-08-01,913.0,0.0,6,1,67.66165688466579,61775.092735699865,6.2,0.0
440,440,1967-09-01,901.2,0.0,6,1,67.66165688466579,60976.68518446081,-1.29,-0.012924424972617699
441,441,1967-10-02,921.0,0.0,6,1,67.66165688466579,62316.38599077719,2.2,0.0
442,442,1967-11-01,867.1,0.0,6,0,0.0,58669.42268469371,-5.85,-0.058523344191096616
443,443,1967-12-01,879.2,0.0,6,1,66.73046256220849,58669.42268469371,0.0,-0.058523344191096616
444,444,1968-01-02,906.8,0.0,6,1,66.73046256220849,60511.18345141065,3.14,-0.028968344531945522
445,445,1968-02-01,861.4,0.0,6,0,0.0,57481.62045108639,-5.01,-0.0775841773046072
446,446,1968-03-01,840.4,0.0,6,0,0.0,57481.62045108639,0.0,-0.0775841773046072
447,447,1968-04-01,861.3,0.0,6,0,0.0,57481.62045108639,0.0,-0.0775841773046072
448,448,1968-05-01,913.2,0.0,6,1,62.945269876353905,57481.62045108639,0.0,-0.0775841773046072
449,449,1968-06-03,905.4,0.0,6,1,62.945269876353905,56990.64734605082,-0.85,-0.08546289326718304
450,450,1968-07-01,896.4,0.0,6,0,0.0,56424.13991716364,-0.99,-0.09455371937784718
451,451,1968-08-01,878.1,0.0,6,1,64.25707768723794,56424.13991716364,0.0,-0.09455371937784718
452,452,1968-09-03,900.4,0.0,6,1,64.25707768723794,57857.07274958904,2.54,-0.07155924032321337
453,453,1968-10-01,942.3,0.0,6,1,64.25707768723794,60549.44430468431,4.65,-0.028354367121905755
454,454,1968-11-01,948.4,0.0,6,1,64.25707768723794,60941.41247857646,0.65,-0.022064397515032863
455,455,1968-12-02,983.3,0.0,6,1,64.25707768723794,63183.98448986106,3.68,0.0
456,456,1969-01-02,947.7,0.0,6,1,64.25707768723794,60896.4325241954,-3.62,-0.03620461710566447
457,457,1969-02-03,946.9,0.0,6,1,64.25707768723794,60845.026862045605,-0.08,-0.03701820400691547
458,458,1969-03-03,908.6,0.0,6,1,64.25707768723794,58383.980786624394,-4.04,-0.07596867690430176
459,459,1969-04-01,933.1,0.0,6,0,0.0,59958.27918996172,2.7,-0.05105257805349328
460,460,1969-05-01,949.2,0.0,6,1,63.16717150227741,59958.27918996172,0.0,-0.05105257805349328
461,461,1969-06-02,933.2,0.0,6,0,0.0,58947.60444592528,-1.69,-0.06704832052203957
462,462,1969-07-01,875.9,0.0,6,0,0.0,58947.60444592528,0.0,-0.06704832052203957
463,463,1969-08-01,826.6,0.0,6,0,0.0,58947.60444592528,0.0,-0.06704832052203957
464,464,1969-09-02,837.8,0.0,6,0,0.0,58947.60444592528,0.0,-0.06704832052203957
465,465,1969-10-01,806.9,0.0,6,0,0.0,58947.60444592528,0.0,-0.06704832052203957
466,466,1969-11-03,854.5,0.0,6,0,0.0,58947.60444592528,0.0,-0.06704832052203957
467,467,1969-12-01,805.0,0.0,6,0,0.0,58947.60444592528,0.0,-0.06704832052203957
468,468,1970-01-02,809.2,0.0,6,0,0.0,58947.60444592528,0.0,-0.06704832052203957
469,469,1970-02-02,746.44,0.0,6,0,0.0,58947.60444592528,0.0,-0.06704832052203957
470,470,1970-03-02,780.23,0.0,6,0,0.0,58947.60444592528,0.0,-0.06704832052203957
471,471,1970-04-01,792.04,0.0,6,0,0.0,58947.60444592528,0.0,-0.06704832052203957
472,472,1970-05-01,733.63,0.0,6,0,0.0,58947.60444592528,0.0,-0.06704832052203957
473,473,1970-06-01,710.36,0.0,6,0,0.0,58947.60444592528,0.0,-0.06704832052203957
474,474,1970-07-01,687.64,0.0,6,0,0.0,58947.60444592528,0.0,-0.06704832052203957
475,475,1970-08-03,722.96,0.0,6,0,0.0,58947.60444592528,0.0,-0.06704832052203957
476,476,1970-09-01,758.15,0.0,6,0,0.0,58947.60444592528,0.0,-0.06704832052203957
477,477,1970-10-01,760.68,0.0,6,0,0.0,58947.60444592528,0.0,-0.06704832052203957
478,478,1970-11-02,758.01,0.0,6,1,77.76626224710134,58947.60444592528,0.0,-0.06704832052203957
479,479,1970-12-01,794.29,0.0,6,1,77.76626224710134,61768.96444025012,4.79,-0.022395232922323927
480,480,1971-01-04,830.57,0.0,6,1,77.76626224710134,64590.32443457496,4.57,0.0
481,481,1971-02-01,877.81,0.0,6,1,77.76626224710134,68264.00266312802,5.69,0.0
482,482,1971-03-01,882.53,0.0,6,1,77.76626224710134,68631.05942093434,0.54,0.0
483,483,1971-04-01,903.88,0.0,6,1,77.76626224710134,70291.36911990996,2.42,0.0
484,484,1971-05-03,932.41,0.0,6,1,77.76626224710134,72510.04058181976,3.16,0.0
485,485,1971-06-01,913.65,0.0,6,1,77.76626224710134,71051.14550206413,-2.01,-0.020119904333930516
486,486,1971-07-01,893.03,0.0,6,1,77.76626224710134,69447.6051745289,-2.26,-0.04223463926813331
487,487,1971-08-02,864.92,0.0,6,0,0.0,67261.59554276288,-3.15,-0.07238232108192766
488,488,1971-09-01,899.02,0.0,6,1,74.81657309377198,67261.59554276288,0.0,-0.07238232108192766
489,489,1971-10-01,893.98,0.0,6,0,0.0,66884.52001437027,-0.56,-0.07758264265624981
490,490,1971-11-01,825.86,0.0,6,0,0.0,66884.52001437027,0.0,-0.07758264265624981
491,491,1971-12-01,846.01,0.0,6,0,0.0,66884.52001437027,0.0,-0.07758264265624981
492,492,1972-01-03,889.3,0.0,6,0,0.0,66884.52001437027,0.0,-0.07758264265624981
493,493,1972-02-01,901.79,0.0,6,1,74.16862020467102,66884.52001437027,0.0,-0.07758264265624981
494,494,1972-03-01,935.43,0.0,6,1,74.16862020467102,69379.5523980554,3.73,-0.043173168276356755
495,495,1972-04-03,940.92,0.0,6,1,74.16862020467102,69786.73812297905,0.59,-0.03755759115550017
496,496,1972-05-01,942.28,0.0,6,1,74.16862020467102,69887.6074464574,0.14,-0.0361664827976923
497,497,1972-06-01,960.72,0.0,6,1,74.16862020467102,71255.27680303153,1.96,-0.017304690063886574
498,498,1972-07-03,928.66,0.0,6,1,74.16862020467102,68877.43083926979,-3.34,-0.05009802385162043
499,499,1972-08-01,930.46,0.0,6,1,74.16862020467102,69010.9343556382,0.19,-0.048256851025110126
500,500,1972-09-01,970.05,0.0,6,1,74.16862020467102,71947.27002954112,4.25,-0.007761277579807935
501,501,1972-10-02,953.27,0.0,6,1,74.16862020467102,70702.72058250674,-1.73,-0.024925099818054353
502,502,1972-11-01,968.54,0.0,6,1,74.16862020467102,71835.27541303207,1.6,-0.009305817006491579
503,503,1972-12-01,1023.93,0.0,6,0,0.0,75943.47528616879,5.72,0.0
504,504,1973-01-02,1031.68,0.0,6,0,0.0,75943.47528616879,0.0,0.0
505,505,1973-02-01,985.78,0.0,6,1,77.0389694314845,75943.47528616879,0.0,0.0
506,506,1973-03-01,949.65,0.0,6,0,0.0,73160.05732060925,-3.67,-0.03665117977642074
507,507,1973-04-02,936.18,0.0,6,0,0.0,73160.05732060925,0.0,-0.03665117977642074
508,508,1973-05-01,921.21,0.0,6,0,0.0,73160.05732060925,0.0,-0.03665117977642074
509,509,1973-06-01,893.96,0.0,6,1,81.83817768200954,73160.05732060925,0.0,-0.03665117977642074
510,510,1973-07-02,880.57,0.0,6,1,81.83817768200954,72064.24412144715,-1.5,-0.0510805062594778
511,511,1973-08-01,912.18,0.0,6,0,0.0,74651.14891797546,3.59,-0.017016950611275172
512,512,1973-09-04,895.39,0.0,6,0,0.0,74651.14891797546,0.0,-0.017016950611275172
513,513,1973-10-01,948.83,0.0,6,1,78.67705375881397,74651.14891797546,0.0,-0.017016950611275172
514,514,1973-11-01,948.83,0.0,6,1,78.67705375881397,74651.14891797546,0.0,-0.017016950611275172
515,515,1973-12-03,806.52,0.0,6,0,0.0,63454.61739755864,-15.0,-0.1644493860934052
516,516,1974-01-02,855.32,0.0,6,0,0.0,63454.61739755864,0.0,-0.1644493860934052
517,517,1974-02-01,843.94,0.0,6,0,0.0,63454.61739755864,0.0,-0.1644493860934052
518,518,1974-03-01,851.92,0.0,6,0,0.0,63454.61739755864,0.0,-0.1644493860934052
519,519,1974-04-01,843.48,0.0,6,0,0.0,63454.61739755864,0.0,-0.1644493860934052
520,520,1974-05-01,853.88,0.0,6,0,0.0,63454.61739755864,0.0,-0.1644493860934052
521,521,1974-06-03,821.26,0.0,6,1,77.26495555312404,63454.61739755864,0.0,-0.1644493860934052
522,522,1974-07-01,806.24,0.0,6,0,0.0,62294.09776515073,-1.83,-0.17973074671108646
523,523,1974-08-01,751.1,0.0,6,0,0.0,62294.09776515073,0.0,-0.17973074671108646
524,524,1974-09-03,663.33,0.0,6,0,0.0,62294.09776515073,0.0,-0.17973074671108646
525,525,1974-10-01,604.82,0.0,6,0,0.0,62294.09776515073,0.0,-0.17973074671108646
526,526,1974-11-01,665.28,0.0,6,0,0.0,62294.09776515073,0.0,-0.17973074671108646
527,527,1974-12-02,603.02,0.0,6,0,0.0,62294.09776515073,0.0,-0.17973074671108646
528,528,1975-01-02,632.04,0.0,6,0,0.0,62294.09776515073,0.0,-0.17973074671108646
529,529,1975-02-03,711.44,0.0,6,0,0.0,62294.09776515073,0.0,-0.17973074671108646
530,530,1975-03-03,753.13,0.0,6,1,82.71360557294322,62294.09776515073,0.0,-0.17973074671108646
531,531,1975-04-01,761.58,0.0,6,1,82.71360557294322,62993.0277322421,1.12,-0.17052745486201482
532,532,1975-05-01,830.96,0.0,6,1,82.71360557294322,68731.6976868929,9.11,-0.09496243847283259
533,533,1975-06-02,846.61,0.0,6,1,82.71360557294322,70026.16561410946,1.88,-0.07791728848017343
534,534,1975-07-01,877.42,0.0,6,1,82.71360557294322,72574.57180181184,3.64,-0.044360670507404554
535,535,1975-08-01,826.5,0.0,6,1,82.71360557294322,68362.79500603757,-5.8,-0.09982003393399941
536,536,1975-09-02,823.69,0.0,6,1,82.71360557294322,68130.36977437761,-0.34,-0.10288053690392729
537,537,1975-10-01,784.16,0.0,6,1,82.71360557294322,64860.70094607915,-4.8,-0.14593451640615251
538,538,1975-11-03,825.72,0.0,6,0,0.0,68298.27839369068,5.3,-0.10066956856622145
539,539,1975-12-01,856.34,0.0,6,1,79.75602960703772,68298.27839369068,0.0,-0.10066956856622145
540,540,1976-01-02,858.71,0.0,6,0,0.0,68487.30018385936,0.28,-0.0981805885787187
541,541,1976-02-02,971.35,0.0,6,1,70.50733534139019,68487.30018385936,0.0,-0.0981805885787187
542,542,1976-03-01,975.36,0.0,6,1,70.50733534139019,68770.03459857834,0.41,-0.09445762997492058
543,543,1976-04-01,994.1,0.0,6,1,70.50733534139019,70091.34206287599,1.92,-0.07705906532774409
544,544,1976-05-03,990.32,0.0,6,1,70.50733534139019,69824.82433528554,-0.38,-0.08056848765252134
545,545,1976-06-01,973.13,0.0,6,1,70.50733534139019,68612.80324076704,-1.74,-0.0965280034628182
546,546,1976-07-01,994.84,0.0,6,1,70.50733534139019,70143.51749102862,2.23,-0.07637203556045968
547,547,1976-08-02,982.26,0.0,6,1,70.50733534139019,69256.53521243393,-1.26,-0.08805154160429529
548,548,1976-09-01,985.95,0.0,6,1,70.50733534139019,69516.70727984366,0.38,-0.08462567695391743
549,549,1976-10-01,979.89,0.0,6,0,0.0,69089.43282767483,-0.61,-0.09025189369681441
550,550,1976-11-01,966.09,0.0,6,0,0.0,69089.43282767483,0.0,-0.09025189369681441
551,551,1976-12-01,949.38,0.0,6,0,0.0,69089.43282767483,0.0,-0.09025189369681441
552,552,1977-01-03,999.75,0.0,6,1,69.10670950505109,69089.43282767483,0.0,-0.09025189369681441
553,553,1977-02-01,958.36,0.0,6,0,0.0,66229.10612126076,-4.14,-0.1279157837892264
554,554,1977-03-01,944.73,0.0,6,0,0.0,66229.10612126076,0.0,-0.1279157837892264
555,555,1977-04-01,927.36,0.0,6,0,0.0,66229.10612126076,0.0,-0.1279157837892264
556,556,1977-05-02,931.22,0.0,6,0,0.0,66229.10612126076,0.0,-0.1279157837892264
557,557,1977-06-01,906.55,0.0,6,0,0.0,66229.10612126076,0.0,-0.1279157837892264
558,558,1977-07-01,912.65,0.0,6,0,0.0,66229.10612126076,0.0,-0.1279157837892264
559,559,1977-08-01,891.81,0.0,6,0,0.0,66229.10612126076,0.0,-0.1279157837892264
560,560,1977-09-01,864.86,0.0,6,0,0.0,66229.10612126076,0.0,-0.1279157837892264
561,561,1977-10-03,851.96,0.0,6,0,0.0,66229.10612126076,0.0,-0.1279157837892264
562,562,1977-11-01,806.91,0.0,6,0,0.0,66229.10612126076,0.0,-0.1279157837892264
563,563,1977-12-01,825.71,0.0,6,0,0.0,66229.10612126076,0.0,-0.1279157837892264
564,564,1978-01-03,817.74,0.0,6,0,0.0,66229.10612126076,0.0,-0.1279157837892264
565,565,1978-02-01,774.34,0.0,6,0,0.0,66229.10612126076,0.0,-0.1279157837892264
566,566,1978-03-01,743.33,0.0,6,0,0.0,66229.10612126076,0.0,-0.1279157837892264
567,567,1978-04-03,751.04,0.0,6,0,0.0,66229.10612126076,0.0,-0.1279157837892264
568,568,1978-05-01,844.33,0.0,6,1,78.43983527916899,66229.10612126076,0.0,-0.1279157837892264
569,569,1978-06-01,840.7,0.0,6,1,78.43983527916899,65944.36951919737,-0.43,-0.13166510657160446
570,570,1978-07-03,812.89,0.0,6,0,0.0,63762.95770008368,-3.31,-0.1603892571440365
571,571,1978-08-01,860.71,0.0,6,1,74.08181350290305,63762.95770008368,0.0,-0.1603892571440365
572,572,1978-09-01,879.33,0.0,6,1,74.08181350290305,65142.361067507736,2.16,-0.14222570376138954
573,573,1978-10-02,871.36,0.0,6,1,74.08181350290305,64551.929013889596,-0.91,-0.1500003289203421
574,574,1978-11-01,827.79,0.0,6,0,0.0,61324.18439956811,-5.0,-0.19250226344676136
575,575,1978-12-01,811.5,0.0,6,0,0.0,61324.18439956811,0.0,-0.19250226344676136
576,576,1979-01-02,811.42,0.0,8,0,0.0,61324.18439956811,0.0,-0.19250226344676136
577,577,1979-02-01,840.87,0.0,8,1,72.92944735757979,61324.18439956811,0.0,-0.19250226344676136
578,578,1979-03-01,815.84,0.0,8,1,72.92944735757979,59498.7603322079,-2.98,-0.21653887831698793
579,579,1979-04-02,855.25,0.0,8,0,0.0,62372.90985257011,4.83,-0.17869297372107773
580,580,1979-05-01,855.51,0.0,8,0,0.0,62372.90985257011,0.0,-0.17869297372107773
581,581,1979-06-01,821.21,0.0,8,0,0.0,62372.90985257011,0.0,-0.17869297372107773
582,582,1979-07-02,834.04,0.0,8,1,74.78407492754557,62372.90985257011,0.0,-0.17869297372107773
583,583,1979-08-01,850.34,0.0,8,1,74.78407492754557,63591.890273889105,1.95,-0.16264181966570102
584,584,1979-09-04,872.61,0.0,8,1,74.78407492754557,65257.33162252555,2.62,-0.1407118073458703
585,585,1979-10-01,872.95,0.0,8,1,74.78407492754557,65282.758208000916,0.04,-0.14037699799747583
586,586,1979-11-01,820.14,0.0,8,1,74.78407492754557,61333.411211077226,-6.05,-0.19238076767014145
587,587,1979-12-03,819.62,0.0,8,0,0.0,61294.5234921149,-0.06,-0.19289282902650928
588,588,1980-01-02,824.57,0.0,8,0,0.0,61294.5234921149,0.0,-0.19289282902650928
589,589,1980-02-01,881.48,0.0,8,1,69.53592082873678,61294.5234921149,0.0,-0.19289282902650928
590,590,1980-03-03,854.35,0.0,8,1,69.53592082873678,59408.01396003127,-3.08,-0.2177337982470371
591,591,1980-04-01,784.47,0.0,8,0,0.0,54548.84381251914,-8.18,-0.28171783544314766
592,592,1980-05-01,808.79,0.0,8,0,0.0,54548.84381251914,0.0,-0.28171783544314766
593,593,1980-06-02,847.35,0.0,8,0,0.0,54548.84381251914,0.0,-0.28171783544314766
594,594,1980-07-01,872.27,0.0,8,1,62.53665013415472,54548.84381251914,0.0,-0.28171783544314766
595,595,1980-08-01,931.48,0.0,8,1,62.53665013415472,58251.638866962436,6.79,-0.23296058486315385
596,596,1980-09-02,940.78,0.0,8,1,62.53665013415472,58833.22971321007,1.0,-0.22530237796577268
597,597,1980-10-01,939.42,0.0,8,1,62.53665013415472,58748.17986902763,-0.14,-0.2264222877916262
598,598,1980-11-03,937.2,0.0,8,1,62.53665013415472,58609.3485057298,-0.24,-0.22825037588971075
599,599,1980-12-01,969.45,0.0,8,1,62.53665013415472,60626.1554725563,3.44,-0.20169369068105003
600,600,1981-01-02,972.78,0.0,6,1,62.53665013415472,60834.402517503026,0.34,-0.1989515585339232
601,601,1981-02-02,932.25,0.0,6,1,62.53665013415472,58299.79208756574,-4.17,-0.23232651827057493
602,602,1981-03-02,977.99,0.0,6,1,62.53665013415472,61160.218464701975,4.91,-0.1946613157451752
603,603,1981-04-01,1014.14,0.0,6,0,0.0,63420.918367051665,3.7,-0.16489312441825787
604,604,1981-05-01,995.59,0.0,6,1,63.701843496872876,63420.918367051665,0.0,-0.16489312441825787
605,605,1981-06-01,997.96,0.0,6,1,63.701843496872876,63571.89173613926,0.24,-0.16290515417435347
606,606,1981-07-01,967.66,0.0,6,0,0.0,61641.72587818401,-3.04,-0.18832097627996602
607,607,1981-08-03,946.25,0.0,6,1,65.14317133757888,61641.72587818401,0.0,-0.18832097627996602
608,608,1981-09-01,882.71,0.0,6,0,0.0,57502.52877139425,-6.71,-0.24282463299560242
609,609,1981-10-01,852.26,0.0,6,1,67.47064132001297,57502.52877139425,0.0,-0.24282463299560242
610,610,1981-11-02,866.82,0.0,6,0,0.0,58484.90130901365,1.71,-0.2298890577678736
611,611,1981-12-01,890.22,0.0,6,0,0.0,58484.90130901365,0.0,-0.2298890577678736
612,612,1982-01-04,882.52,0.0,8,0,0.0,58484.90130901365,0.0,-0.2298890577678736
613,613,1982-02-01,851.69,0.0,8,0,0.0,58484.90130901365,0.0,-0.2298890577678736
614,614,1982-03-01,828.39,0.0,8,0,0.0,58484.90130901365,0.0,-0.2298890577678736
615,615,1982-04-01,833.24,0.0,8,0,0.0,58484.90130901365,0.0,-0.2298890577678736
616,616,1982-05-03,849.03,0.0,8,0,0.0,58484.90130901365,0.0,-0.2298890577678736
617,617,1982-06-01,814.97,0.0,8,0,0.0,58484.90130901365,0.0,-0.2298890577678736
618,618,1982-07-01,803.27,0.0,8,0,0.0,58484.90130901365,0.0,-0.2298890577678736
619,619,1982-08-02,822.11,0.0,8,0,0.0,58484.90130901365,0.0,-0.2298890577678736
620,620,1982-09-01,895.05,0.0,8,1,65.34260802079622,58484.90130901365,0.0,-0.2298890577678736
621,621,1982-10-01,907.74,0.0,8,1,65.34260802079622,59314.099004797565,1.42,-0.21897044109067587
622,622,1982-11-01,1005.7,0.0,8,0,0.0,65715.06088651477,10.79,-0.13468457113809318
623,623,1982-12-01,1031.09,0.0,8,0,0.0,65715.06088651477,0.0,-0.13468457113809318
624,624,1983-01-03,1027.04,0.0,8,0,0.0,65715.06088651477,0.0,-0.13468457113809318
625,625,1983-02-01,1059.79,0.0,8,0,0.0,65715.06088651477,0.0,-0.13468457113809318
626,626,1983-03-01,1130.71,0.0,8,0,0.0,65715.06088651477,0.0,-0.13468457113809318
627,627,1983-04-04,1127.61,0.0,8,0,0.0,65715.06088651477,0.0,-0.13468457113809318
628,628,1983-05-02,1204.33,0.0,8,0,0.0,65715.06088651477,0.0,-0.13468457113809318
629,629,1983-06-01,1202.21,0.0,8,0,0.0,65715.06088651477,0.0,-0.13468457113809318
630,630,1983-07-01,1225.26,0.0,8,1,53.63356421209765,65715.06088651477,0.0,-0.13468457113809318
631,631,1983-08-01,1194.21,0.0,8,1,53.63356421209765,64049.73871772914,-2.53,-0.156613014134814
632,632,1983-09-01,1206.81,0.0,8,1,53.63356421209765,64725.521626801565,1.06,-0.14771451552744908
633,633,1983-10-03,1231.3,0.0,8,1,53.63356421209765,66039.00761435584,2.03,-0.13041894164694356
634,634,1983-11-01,1229.27,0.0,8,1,53.63356421209765,65930.13147900529,-0.16,-0.13185258864479676
635,635,1983-12-01,1275.1,0.0,8,1,53.63356421209765,68388.15772684572,3.73,-0.09948606553562711
636,636,1984-01-03,1252.74,0.0,8,1,53.63356421209765,67188.91123106322,-1.75,-0.1152773694134589
637,637,1984-02-01,1212.31,0.0,8,1,53.63356421209765,65020.5062299681,-3.23,-0.14383025026232943
638,638,1984-03-01,1159.44,0.0,8,0,0.0,62184.899690074504,-4.36,-0.18116863291085217
639,639,1984-04-02,1153.16,0.0,8,0,0.0,62184.899690074504,0.0,-0.18116863291085217
640,640,1984-05-01,1183.0,0.0,8,0,0.0,62184.899690074504,0.0,-0.18116863291085217
641,641,1984-06-01,1124.35,0.0,8,0,0.0,62184.899690074504,0.0,-0.18116863291085217
642,642,1984-07-02,1130.08,0.0,8,0,0.0,62184.899690074504,0.0,-0.18116863291085217
643,643,1984-08-01,1134.61,0.0,8,0,0.0,62184.899690074504,0.0,-0.18116863291085217
644,644,1984-09-04,1212.35,0.0,8,0,0.0,62184.899690074504,0.0,-0.18116863291085217
645,645,1984-10-01,1198.98,0.0,8,0,0.0,62184.899690074504,0.0,-0.18116863291085217
646,646,1984-11-01,1217.09,0.0,8,1,51.09309885881447,62184.899690074504,0.0,-0.18116863291085217
647,647,1984-12-03,1182.42,0.0,8,1,51.09309885881447,60413.50195263941,-2.85,-0.20449384591644804
648,648,1985-01-02,1198.87,0.0,8,1,51.09309885881447,61253.9834288669,1.39,-0.19342664793715614
649,649,1985-02-01,1277.72,0.0,8,1,51.09309885881447,65282.674273884426,6.58,-0.1403781032157474
650,650,1985-03-01,1299.36,0.0,8,1,51.09309885881447,66388.32893318917,1.69,-0.1258191874545389
651,651,1985-04-01,1272.75,0.0,8,1,51.09309885881447,65028.741572556115,-2.05,-0.14372180983927818
652,652,1985-05-01,1242.05,0.0,8,1,51.09309885881447,63460.18343759051,-2.41,-0.16437609421400545
653,653,1985-06-03,1310.93,0.0,8,1,51.09309885881447,66979.47608698565,5.55,-0.1180351460794381
654,654,1985-07-01,1337.14,0.0,8,1,51.09309885881447,68318.62620807519,2.0,-0.10040163489176368
655,655,1985-08-01,1355.62,0.0,8,1,51.09309885881447,69262.82667498606,1.38,-0.0879686975873678
656,656,1985-09-03,1329.19,0.0,8,1,51.09309885881447,67912.43607214761,-1.95,-0.1057502199334277
657,657,1985-10-01,1340.95,0.0,8,1,51.09309885881447,68513.29091472727,0.88,-0.09783835073972103
658,658,1985-11-01,1390.25,0.0,8,1,51.09309885881447,71032.18068846682,3.68,-0.06467039570147826
659,659,1985-12-02,1457.91,0.0,8,1,51.09309885881447,74489.1397572542,4.87,-0.01915023671795879
660,660,1986-01-02,1537.73,0.0,8,1,51.09309885881447,78567.39090816477,5.47,0.0
661,661,1986-02-03,1594.27,0.0,8,1,51.09309885881447,81456.19471764215,3.68,0.0
662,662,1986-03-03,1696.67,0.0,8,1,51.09309885881447,86688.12804078475,6.42,0.0
663,663,1986-04-01,1790.11,0.0,8,1,51.09309885881447,91462.26719815237,5.51,0.0
664,664,1986-05-01,1777.78,0.0,8,1,51.09309885881447,90832.28928922319,-0.69,-0.006887844881040883
665,665,1986-06-02,1861.95,0.0,8,1,51.09309885881447,95132.79542016961,4.73,0.0
666,666,1986-07-01,1903.54,0.0,8,1,51.09309885881447,97257.7574017077,2.23,0.0
667,667,1986-08-01,1763.64,0.0,8,1,51.09309885881447,90109.83287135955,-7.35,-0.07349464681593243
668,668,1986-09-02,1870.36,0.0,8,1,51.09309885881447,95562.48838157223,6.05,-0.0174306817823634
669,669,1986-10-01,1782.9,0.0,8,1,51.09309885881447,91093.88595538032,-4.68,-0.06337665612490417
670,670,1986-11-03,1894.26,0.0,8,1,51.09309885881447,96783.6134442979,6.25,-0.004875127394223466
671,671,1986-12-01,1912.54,0.0,8,1,51.09309885881447,97717.59529143703,0.97,0.0
672,672,1987-01-02,1927.31,0.0,8,1,51.09309885881447,98472.24036158172,0.77,0.0
673,673,1987-02-02,2179.42,0.0,8,1,51.09309885881447,111353.32151487743,13.08,0.0
674,674,1987-03-02,2220.47,0.0,8,1,51.09309885881447,113450.69322303176,1.88,0.0
675,675,1987-04-01,2316.05,0.0,8,1,51.09309885881447,118334.17161195727,4.3,0.0
676,676,1987-05-01,2280.4,0.0,8,1,51.09309885881447,116512.70263764053,-1.54,-0.015392586515835194
677,677,1987-06-01,2288.23,0.0,8,1,51.09309885881447,116912.76160170505,0.34,-0.012011830487252073
678,678,1987-07-01,2409.76,0.0,8,1,51.09309885881447,123122.10590601678,5.31,0.0
679,679,1987-08-03,2557.08,0.0,8,1,51.09309885881447,130649.1412298973,6.11,0.0
680,680,1987-09-01,2610.97,0.0,8,1,51.09309885881447,133402.5483273988,2.11,0.0
681,681,1987-10-01,2639.2,0.0,8,1,51.09309885881447,134844.90650818314,1.08,0.0
682,682,1987-11-02,2014.09,0.0,8,0,0.0,102906.09948054963,-23.69,-0.2368558654137617
683,683,1987-12-01,1842.34,0.0,8,0,0.0,102906.09948054963,0.0,-0.2368558654137617
684,684,1988-01-04,2015.25,0.0,8,0,0.0,102906.09948054963,0.0,-0.2368558654137617
685,685,1988-02-01,1944.63,0.0,8,0,0.0,102906.09948054963,0.0,-0.2368558654137617
686,686,1988-03-01,2070.47,0.0,8,0,0.0,102906.09948054963,0.0,-0.2368558654137617
687,687,1988-04-04,1980.6,0.0,8,0,0.0,102906.09948054963,0.0,-0.2368558654137617
688,688,1988-05-02,2043.27,0.0,8,0,0.0,102906.09948054963,0.0,-0.2368558654137617
689,689,1988-06-01,2064.01,0.0,8,0,0.0,102906.09948054963,0.0,-0.2368558654137617
690,690,1988-07-01,2131.58,0.0,8,1,48.27691171832614,102906.09948054963,0.0,-0.2368558654137617
691,691,1988-08-01,2130.51,0.0,8,1,48.27691171832614,102854.44318501104,-0.05,-0.23723894473708385
692,692,1988-09-01,2002.31,0.0,8,0,0.0,96665.34310272161,-6.02,-0.2831368599239199
693,693,1988-10-03,2105.26,0.0,8,1,45.91610684795303,96665.34310272161,0.0,-0.2831368599239199
694,694,1988-11-01,2150.96,0.0,8,1,45.91610684795303,98763.70918567305,2.17,-0.2675755299687236
695,695,1988-12-01,2101.88,0.0,8,1,45.91610684795303,96510.14666157552,-2.28,-0.2842877854217004
696,696,1989-01-03,2144.64,0.0,8,1,45.91610684795303,98473.51939039398,2.03,-0.2697275563432716
697,697,1989-02-01,2338.21,0.0,8,1,45.91610684795303,107361.50019295226,9.03,-0.20381493841269438
698,698,1989-03-01,2243.04,0.0,8,1,45.91610684795303,102991.66430423256,-4.07,-0.23622132291676545
699,699,1989-04-03,2304.8,0.0,8,1,45.91610684795303,105827.44306316215,2.75,-0.21519139429460055
700,700,1989-05-01,2414.96,0.0,8,1,45.91610684795303,110885.56139353265,4.78,-0.17768075736102418
701,701,1989-06-01,2490.63,0.0,8,1,45.91610684795303,114360.03319871727,3.13,-0.15191432765184
702,702,1989-07-03,2452.77,0.0,8,1,45.91610684795303,112621.64939345376,-1.52,-0.16480605526898973
703,703,1989-08-01,2641.12,0.0,8,1,45.91610684795303,121269.9481182657,7.68,-0.10067090216042851
704,704,1989-09-01,2752.09,0.0,8,1,45.91610684795303,126365.25849518306,4.2,-0.06288445171998747
705,705,1989-10-02,2713.72,0.0,8,1,45.91610684795303,124603.45747542709,-1.39,-0.07594983969331126
706,706,1989-11-01,2645.9,0.0,8,1,45.91610684795303,121489.42710899893,-2.5,-0.09904326195942537
707,707,1989-12-01,2747.65,0.0,8,1,45.91610684795303,126161.39098077815,3.85,-0.06439631835020798
708,708,1990-01-02,2810.15,0.0,8,1,45.91610684795303,129031.14765877521,2.27,-0.04311441195633969
709,709,1990-02-01,2586.26,0.0,8,1,45.91610684795303,118750.99049658702,-7.97,-0.11935130831671015
710,710,1990-03-01,2635.59,0.0,8,1,45.91610684795303,121016.03204739654,1.91,-0.10255392523815787
711,711,1990-04-02,2700.45,0.0,8,1,45.91610684795303,123994.15073755475,2.46,-0.0804684140588573
712,712,1990-05-01,2668.92,0.0,8,0,0.0,122546.4158886388,-1.17,-0.09120471019643583
713,713,1990-06-01,2900.97,0.0,8,1,42.24325514867055,122546.4158886388,0.0,-0.09120471019643583
714,714,1990-07-02,2899.26,0.0,8,1,42.24325514867055,122474.17992233459,-0.06,-0.09174040685843643
715,715,1990-08-01,2899.26,0.0,8,1,42.24325514867055,122474.17992233459,0.0,-0.09174040685843643
716,716,1990-09-04,2613.37,0.0,8,0,0.0,110397.25570788115,-9.86,-0.18130199674111058
717,717,1990-10-01,2515.84,0.0,8,0,0.0,110397.25570788115,0.0,-0.18130199674111058
718,718,1990-11-01,2454.95,0.0,8,0,0.0,110397.25570788115,0.0,-0.18130199674111058
719,719,1990-12-03,2565.59,0.0,8,0,0.0,110397.25570788115,0.0,-0.18130199674111058
720,720,1991-01-02,2610.64,0.0,8,0,0.0,110397.25570788115,0.0,-0.18130199674111058
721,721,1991-02-01,2730.69,0.0,8,0,0.0,110397.25570788115,0.0,-0.18130199674111058
722,722,1991-03-01,2909.9,0.0,8,1,37.93850500288022,110397.25570788115,0.0,-0.18130199674111058
723,723,1991-04-01,2881.19,0.0,8,0,0.0,109308.04122924847,-0.99,-0.1893795319394207
724,724,1991-05-01,2930.2,0.0,8,1,37.303952368182536,109308.04122924847,0.0,-0.1893795319394207
725,725,1991-06-03,3035.33,0.0,8,1,37.303952368182536,113229.80574171549,3.59,-0.1602960121089625
726,726,1991-07-01,2958.41,0.0,8,1,37.303952368182536,110360.3857255549,-2.53,-0.18157542184318531
727,727,1991-08-01,3017.67,0.0,8,1,37.303952368182536,112571.01794289339,2.0,-0.16518153441663774
728,728,1991-09-03,3017.67,0.0,8,1,37.303952368182536,112571.01794289339,0.0,-0.16518153441663774
729,729,1991-10-01,3018.34,0.0,8,1,37.303952368182536,112596.01159098008,0.02,-0.1649961833438096
730,730,1991-11-01,3056.35,0.0,8,1,37.303952368182536,114013.93482049469,1.26,-0.15448096800322453
731,731,1991-12-02,2935.38,0.0,8,1,37.303952368182536,109501.27570251566,-3.96,-0.18794651916740723
732,732,1992-01-02,3172.41,0.0,8,1,37.303952368182536,118343.43153234596,8.07,-0.12237373589513945
733,733,1992-02-03,3234.12,0.0,8,1,37.303952368182536,120645.4584329865,1.95,-0.10530207215750442
734,734,1992-03-02,3275.27,0.0,8,1,37.303952368182536,122180.51607293721,1.27,-0.09391819656515821
735,735,1992-04-01,3249.33,0.0,8,1,37.303952368182536,121212.85154850656,-0.79,-0.10109432616091663
736,736,1992-05-01,3336.09,0.0,8,1,37.303952368182536,124449.34245597008,2.67,-0.07709274544665279
737,737,1992-06-01,3413.21,0.0,8,1,37.303952368182536,127326.22326260431,2.31,-0.05575800703397382
738,738,1992-07-01,3354.1,0.0,8,1,37.303952368182536,125121.18663812104,-1.73,-0.0721103979516794
739,739,1992-08-03,3395.4,0.0,8,1,37.303952368182536,126661.83987092698,1.23,-0.06068502585049118
740,740,1992-09-01,3266.26,0.0,8,1,37.303952368182536,121844.4074620999,-3.8,-0.09641075352960615
741,741,1992-10-01,3254.37,0.0,8,1,37.303952368182536,121400.8634684422,-0.36,-0.09970004346382244
742,742,1992-11-02,3262.21,0.0,8,0,0.0,121693.32645500875,0.24,-0.09753115926834266
743,743,1992-12-01,3294.36,0.0,8,1,36.93989923839797,121693.32645500875,0.0,-0.09753115926834266
744,744,1993-01-04,3309.22,0.0,8,0,0.0,122242.25335769133,0.45,-0.093460357360454
745,745,1993-02-01,3332.18,0.0,8,0,0.0,122242.25335769133,0.0,-0.093460357360454
746,746,1993-03-01,3355.41,0.0,8,1,36.431390905341324,122242.25335769133,0.0,-0.093460357360454
747,747,1993-04-01,3439.44,0.0,8,1,36.431390905341324,125303.58313546717,2.5,-0.0707577588192918
748,748,1993-05-03,3446.46,0.0,8,1,36.431390905341324,125559.33149962265,0.2,-0.06886114758807726
749,749,1993-06-01,3552.34,0.0,8,1,36.431390905341324,129416.6871686802,3.07,-0.04025527904662474
750,750,1993-07-01,3510.54,0.0,8,1,36.431390905341324,127893.85502883693,-1.18,-0.05154849122109317
751,751,1993-08-02,3560.99,0.0,8,1,36.431390905341324,129731.8187000114,1.44,-0.03791828657511398
752,752,1993-09-01,3645.1,0.0,8,1,36.431390905341324,132796.06298905966,2.36,-0.015194074230747034
753,753,1993-10-01,3581.11,0.0,8,1,36.431390905341324,130464.81828502688,-1.76,-0.03248241506912575
754,754,1993-11-01,3692.61,0.0,8,1,36.431390905341324,134526.91837097245,3.11,-0.0023581768525412494
755,755,1993-12-01,3697.08,0.0,8,1,36.431390905341324,134689.7666883193,0.12,-0.0011505055984775137
756,756,1994-01-03,3756.6,0.0,8,1,36.431390905341324,136858.16307500523,1.61,0.0
757,757,1994-02-01,3964.01,0.0,8,1,36.431390905341324,144414.39786268206,5.52,0.0
758,758,1994-03-01,3809.23,0.0,8,1,36.431390905341324,138775.54717835333,-3.9,-0.03904631925751956
759,759,1994-04-04,3593.35,0.0,8,1,36.431390905341324,130910.73850970824,-5.67,-0.09350632314247442
760,760,1994-05-02,3701.02,0.0,8,1,36.431390905341324,134833.30636848634,3.0,-0.06634443404532275
761,761,1994-06-01,3760.83,0.0,8,1,36.431390905341324,137012.26785853482,1.62,-0.05125617745666633
762,762,1994-07-01,3646.65,0.0,8,0,0.0,132852.53164496293,-3.04,-0.08006034293556274
763,763,1994-08-01,3798.17,0.0,8,1,34.97803722449572,132852.53164496293,0.0,-0.08006034293556274
764,764,1994-09-01,3901.44,0.0,8,1,34.97803722449572,136464.7135491366,2.72,-0.055047726758550186
765,765,1994-10-03,3846.89,0.0,8,0,0.0,134556.66161854035,-1.4,-0.06826006540923324
766,766,1994-11-01,3863.37,0.0,8,1,34.828831206573625,134556.66161854035,0.0,-0.06826006540923324
767,767,1994-12-01,3700.87,0.0,8,1,34.828831206573625,128896.97654747212,-4.21,-0.10745065273868915
768,768,1995-01-03,3838.48,0.0,8,1,34.828831206573625,133689.77200980872,3.72,-0.07426285752388051
769,769,1995-02-01,3847.56,0.0,8,1,34.828831206573625,134006.01779716442,0.24,-0.0720730080903329
770,770,1995-03-01,3994.8,0.0,8,1,34.828831206573625,139134.21490402034,3.83,-0.03656271837716929
771,771,1995-04-03,4168.41,0.0,8,1,34.828831206573625,145180.84828979356,4.35,0.0
772,772,1995-05-01,4316.08,0.0,8,1,34.828831206573625,150324.02179406828,3.54,0.0
773,773,1995-06-01,4472.75,0.0,8,1,34.828831206573625,155780.6547792022,3.63,0.0
774,774,1995-07-03,4585.15,0.0,8,1,34.828831206573625,159695.41540682103,2.51,0.0
775,775,1995-08-01,4700.37,0.0,8,1,34.828831206573625,163708.39333844246,2.51,0.0
776,776,1995-09-01,4647.54,0.0,8,1,34.828831206573625,161868.38618579917,-1.12,-0.01123954071700739
777,777,1995-10-02,4761.26,0.0,8,1,34.828831206573625,165829.12087061076,2.45,0.0
778,778,1995-11-01,4766.68,0.0,8,1,34.828831206573625,166017.89313575038,0.11,0.0
779,779,1995-12-01,5087.13,0.0,8,1,34.828831206573625,177178.79209589688,6.72,0.0
780,780,1996-01-02,5177.45,0.0,8,1,34.828831206573625,180324.5321304746,1.78,0.0
781,781,1996-02-01,5405.06,0.0,8,1,34.828831206573625,188251.92240140284,4.4,0.0
782,782,1996-03-01,5536.56,0.0,8,1,34.828831206573625,192831.91370506727,2.43,0.0
783,783,1996-04-01,5637.72,0.0,8,1,34.828831206573625,196355.19826992427,1.83,0.0
784,784,1996-05-01,5575.22,0.0,8,1,34.828831206573625,194178.3963195134,-1.11,-0.011086041875084218
785,785,1996-06-03,5624.71,0.0,8,1,34.828831206573625,195902.07517592673,0.89,-0.0023076704767176492
786,786,1996-07-01,5729.98,0.0,8,1,34.828831206573625,199568.50623704272,1.87,0.0
787,787,1996-08-01,5594.75,0.0,8,1,34.828831206573625,194858.6033929778,-2.36,-0.02360043141511825
788,788,1996-09-03,5648.39,0.0,8,1,34.828831206573625,196726.8218988984,0.96,-0.014239142195958676
789,789,1996-10-01,5904.9,0.0,8,1,34.828831206573625,205660.7653916966,4.54,0.0
790,790,1996-11-01,6021.93,0.0,8,1,34.828831206573625,209736.7835078019,1.98,0.0
791,791,1996-12-02,6521.7,0.0,8,1,34.828831206573625,227143.18847991122,8.3,0.0
792,792,1997-01-02,6442.49,0.0,9,1,34.828831206573625,224384.3967600385,-1.21,-0.012145606206970583
793,793,1997-02-03,6806.16,0.0,9,1,34.828831206573625,237050.59780493315,5.64,0.0
794,794,1997-03-03,6918.92,0.0,9,1,34.828831206573625,240977.8968117864,1.66,0.0
795,795,1997-04-01,6611.05,0.0,9,1,34.828831206573625,230255.14454821858,-4.45,-0.04449682898487051
796,796,1997-05-01,6976.48,0.0,9,1,34.828831206573625,242982.64433603676,5.53,0.0
797,797,1997-06-02,7289.4,0.0,9,1,34.828831206573625,253881.28219719778,4.49,0.0
798,798,1997-07-01,7722.33,0.0,9,1,34.828831206573625,268959.7280914597,5.94,0.0
799,799,1997-08-01,8194.04,0.0,9,1,34.828831206573625,285388.8360599126,6.11,0.0
800,800,1997-09-02,7879.78,0.0,9,1,34.828831206573625,274443.5275649347,-3.84,-0.03835226579318651
801,801,1997-10-01,8015.5,0.0,9,1,34.828831206573625,279170.4965362909,1.72,-0.021789007620172773
802,802,1997-11-03,7674.39,0.0,9,1,34.828831206573625,267290.0339234166,-4.26,-0.06341804531098216
803,803,1997-12-01,8013.11,0.0,9,1,34.828831206573625,279087.2556297072,4.41,-0.022080683033033788
804,804,1998-01-02,7965.04,0.0,9,1,34.828831206573625,277413.0337136072,-0.6,-0.02794714206911375
805,805,1998-02-02,8107.78,0.0,9,1,34.828831206573625,282384.5010800335,1.79,-0.010527163645771997
806,806,1998-03-02,8550.45,0.0,9,1,34.828831206573625,297802.17979024746,5.46,0.0
807,807,1998-04-01,8868.32,0.0,9,1,34.828831206573625,308873.220365881,3.72,0.0
808,808,1998-05-01,9147.07,0.0,9,1,34.828831206573625,318581.7570647134,3.14,0.0
809,809,1998-06-01,8922.37,0.0,9,1,34.828831206573625,310755.71869259636,-2.46,-0.024565243296487127
810,810,1998-07-01,9048.67,0.0,9,1,34.828831206573625,315154.60007398657,1.42,-0.010757543125831548
811,811,1998-08-03,8786.74,0.0,9,1,34.828831206573625,306031.8843160487,-2.89,-0.03939294222084233
812,812,1998-09-01,7827.43,0.0,9,0,0.0,272620.2382512706,-10.92,-0.14426914848142625
813,813,1998-10-01,7632.53,0.0,9,0,0.0,272620.2382512706,0.0,-0.14426914848142625
814,814,1998-11-02,8706.15,0.0,9,1,31.313524146869813,272620.2382512706,0.0,-0.14426914848142625
815,815,1998-12-01,9133.54,0.0,9,1,31.313524146869813,286003.32533640135,4.91,-0.10226082004342263
816,816,1999-01-04,9184.27,0.0,9,1,31.313524146869813,287591.860416372,0.56,-0.09727454871826324
817,817,1999-02-01,9345.7,0.0,9,1,31.313524146869813,292646.80261940125,1.76,-0.08140753156824354
818,818,1999-03-01,9324.78,0.0,9,1,31.313524146869813,291991.7236942487,-0.22,-0.08346376646125242
819,819,1999-04-01,9832.51,0.0,9,1,31.313524146869813,307890.5393093389,5.44,-0.03355878834330994
820,820,1999-05-03,11014.69,0.0,9,0,0.0,344908.76128528547,12.02,0.0
821,821,1999-06-01,10596.26,0.0,9,0,0.0,344908.76128528547,0.0,0.0
822,822,1999-07-01,11066.42,0.0,9,0,0.0,344908.76128528547,0.0,0.0
823,823,1999-08-02,10645.96,0.0,9,0,0.0,344908.76128528547,0.0,0.0
824,824,1999-09-01,10937.88,0.0,9,0,0.0,344908.76128528547,0.0,0.0
825,825,1999-10-01,10273.0,0.0,9,0,0.0,344908.76128528547,0.0,0.0
826,826,1999-11-01,10648.51,0.0,9,0,0.0,344908.76128528547,0.0,0.0
827,827,1999-12-01,10998.39,0.0,9,0,0.0,344908.76128528547,0.0,0.0
828,828,2000-01-03,11357.51,0.0,9,0,0.0,344908.76128528547,0.0,0.0
829,829,2000-02-01,11041.05,0.0,9,1,31.238764545517455,344908.76128528547,0.0,0.0
830,830,2000-03-01,10137.93,0.0,9,0,0.0,316696.4082489378,-8.18,-0.08179656826117065
831,831,2000-04-03,11221.93,0.0,9,1,28.221206891233308,316696.4082489378,0.0,-0.08179656826117065
832,832,2000-05-01,10811.78,0.0,9,1,28.221206891233308,305121.48024249845,-3.65,-0.11535595933986043
833,833,2000-06-01,10652.2,0.0,9,0,0.0,300617.94004679547,-1.48,-0.12841315214331595
834,834,2000-07-03,10560.67,0.0,9,1,28.46580189010692,300617.94004679547,0.0,-0.12841315214331595
835,835,2000-08-01,10606.95,0.0,9,0,0.0,301935.3373582696,0.44,-0.12459359909234402
836,836,2000-09-01,11238.78,0.0,9,1,26.86549050326366,301935.3373582696,0.0,-0.12459359909234402
837,837,2000-10-02,10700.13,0.0,9,0,0.0,287464.2408986866,-4.79,-0.1665499019872233
838,838,2000-11-01,10899.47,0.0,9,0,0.0,287464.2408986866,0.0,-0.1665499019872233
839,839,2000-12-01,10373.54,0.0,9,1,27.71129632687458,287464.2408986866,0.0,-0.1665499019872233
840,840,2001-01-02,10646.15,0.0,9,0,0.0,295018.6173903558,2.63,-0.1446473661875579
841,841,2001-02-01,10983.63,0.0,9,1,26.859846643628366,295018.6173903558,0.0,-0.1446473661875579
842,842,2001-03-01,10450.14,0.0,9,0,0.0,280689.1578044465,-4.86,-0.1861930188190284
843,843,2001-04-02,9777.93,0.0,9,1,28.706398778110145,280689.1578044465,0.0,-0.1861930188190284
844,844,2001-05-01,10898.34,0.0,9,1,28.706398778110145,312852.0940594289,11.46,-0.09294245558274306
845,845,2001-06-01,10990.41,0.0,9,0,0.0,315495.09219492954,0.84,-0.0852795648934731
846,846,2001-07-02,10593.72,0.0,9,0,0.0,315495.09219492954,0.0,-0.0852795648934731
847,847,2001-08-01,10510.01,0.0,9,0,0.0,315495.09219492954,0.0,-0.0852795648934731
848,848,2001-09-04,9997.49,0.0,9,1,31.557430134456705,315495.09219492954,0.0,-0.0852795648934731
849,849,2001-10-01,8836.83,0.0,9,1,31.557430134456705,278867.645335071,-11.61,-0.1914741617583603
850,850,2001-11-01,9263.9,0.0,9,1,31.557430134456705,292344.87702259346,4.83,-0.15239938836814493
851,851,2001-12-03,9763.96,0.0,9,1,31.557430134456705,308125.48553562985,5.4,-0.10664639428869405
852,852,2002-01-02,10073.4,0.0,9,0,0.0,317890.61671643617,3.17,-0.07833417877866455
853,853,2002-02-01,9907.26,0.0,9,1,32.08663310707866,317890.61671643617,0.0,-0.07833417877866455
854,854,2002-03-01,10368.86,0.0,9,0,0.0,332701.80655866367,4.66,-0.03539183719524308
855,855,2002-04-01,10362.7,0.0,9,0,0.0,332701.80655866367,0.0,-0.03539183719524308
856,856,2002-05-01,10059.63,0.0,9,0,0.0,332701.80655866367,0.0,-0.03539183719524308
857,857,2002-06-03,9709.79,0.0,9,0,0.0,332701.80655866367,0.0,-0.03539183719524308
858,858,2002-07-01,9109.79,0.0,9,1,36.521347534758064,332701.80655866367,0.0,-0.03539183719524308
859,859,2002-08-01,8506.62,0.0,9,0,0.0,310673.22536612366,-6.62,-0.09925968766808002
860,860,2002-09-03,8308.05,0.0,9,0,0.0,310673.22536612366,0.0,-0.09925968766808002
861,861,2002-10-01,7938.79,0.0,9,1,39.13357392828424,310673.22536612366,0.0,-0.09925968766808002
862,862,2002-11-01,8517.64,0.0,9,0,0.0,333325.69463451096,7.29,-0.033582987592460034
863,863,2002-12-02,8862.57,0.0,9,1,37.61050063745741,333325.69463451096,0.0,-0.033582987592460034
864,864,2003-01-02,8607.52,0.0,9,1,37.61050063745741,323733.13644692744,-2.88,-0.06139485920696275
865,865,2003-02-03,8109.82,0.0,9,1,37.61050063745741,305014.3902796649,-5.78,-0.11566644714085017
866,866,2003-03-03,7837.86,0.0,9,0,0.0,294785.83852630196,-3.35,-0.14532226601667908
867,867,2003-04-01,8069.86,0.0,9,0,0.0,294785.83852630196,0.0,-0.14532226601667908
868,868,2003-05-01,8454.25,0.0,9,0,0.0,294785.83852630196,0.0,-0.14532226601667908
869,869,2003-06-02,8897.81,0.0,9,1,33.13015658081056,294785.83852630196,0.0,-0.14532226601667908
870,870,2003-07-01,9040.95,0.0,9,1,33.13015658081056,299528.0891392792,1.61,-0.13157297592817707
871,871,2003-08-01,9153.97,0.0,9,1,33.13015658081056,303272.4594360424,1.25,-0.12071685768168783
872,872,2003-09-02,9523.27,0.0,9,1,33.13015658081056,315507.4262613358,4.03,-0.08524380451916347
873,873,2003-10-01,9469.2,0.0,9,1,33.13015658081056,313716.0786950113,-0.57,-0.09043748982784938
874,874,2003-11-03,9858.46,0.0,9,1,33.13015658081056,326612.3234456576,4.11,-0.05304718201836067
875,875,2003-12-01,9899.05,0.0,9,1,33.13015658081056,327957.07650127274,0.41,-0.04914831598027003
876,876,2004-01-02,10409.85,0.0,9,0,0.0,344879.9604827508,5.16,-8.35026701767605e-05
877,877,2004-02-02,10499.18,0.0,9,0,0.0,344879.9604827508,0.0,-8.35026701767605e-05
878,878,2004-03-01,10678.14,0.0,9,0,0.0,344879.9604827508,0.0,-8.35026701767605e-05
879,879,2004-04-01,10373.33,0.0,9,0,0.0,344879.9604827508,0.0,-8.35026701767605e-05
880,880,2004-05-03,10314.0,0.0,9,0,0.0,344879.9604827508,0.0,-8.35026701767605e-05
881,881,2004-06-01,10202.65,0.0,9,0,0.0,344879.9604827508,0.0,-8.35026701767605e-05
882,882,2004-07-01,10334.16,0.0,9,0,0.0,344879.9604827508,0.0,-8.35026701767605e-05
883,883,2004-08-02,10179.16,0.0,9,0,0.0,344879.9604827508,0.0,-8.35026701767605e-05
884,884,2004-09-01,10168.46,0.0,9,0,0.0,344879.9604827508,0.0,-8.35026701767605e-05
885,885,2004-10-01,10192.65,0.0,9,0,0.0,344879.9604827508,0.0,-8.35026701767605e-05
886,886,2004-11-01,10054.39,0.0,9,0,0.0,344879.9604827508,0.0,-8.35026701767605e-05
887,887,2004-12-01,10590.22,0.0,9,0,0.0,344879.9604827508,0.0,-8.35026701767605e-05
888,888,2005-01-03,10729.43,0.0,9,1,32.14336273993593,344879.9604827508,0.0,-8.35026701767605e-05
889,889,2005-02-01,10551.94,0.0,9,1,32.14336273993593,339174.83503003954,-1.65,-0.016624472610897834
890,890,2005-03-01,10830.0,0.0,9,1,32.14336273993593,348112.6184735061,2.64,0.0
891,891,2005-04-01,10404.3,0.0,9,1,32.14336273993593,334429.1889551154,-3.93,-0.03930747922437672
892,892,2005-05-02,10251.7,0.0,9,1,32.14336273993593,329524.1118010012,-1.47,-0.053397968605724766
893,893,2005-06-01,10549.87,0.0,9,1,32.14336273993593,339108.2982691679,2.91,-0.025866112650046125
894,894,2005-07-01,10303.44,0.0,9,1,32.14336273993593,331187.2093891655,-2.34,-0.04862049861495832
895,895,2005-08-01,10623.15,0.0,9,1,32.14336273993593,341463.76389075036,3.1,-0.019099722991689827
896,896,2005-09-01,10459.63,0.0,9,0,0.0,336207.68121551606,-1.54,-0.03419852262234535
897,897,2005-10-03,10535.48,0.0,9,0,0.0,336207.68121551606,0.0,-0.03419852262234535
898,898,2005-11-01,10406.77,0.0,9,0,0.0,336207.68121551606,0.0,-0.03419852262234535
899,899,2005-12-01,10912.57,0.0,9,1,30.809211873602283,336207.68121551606,0.0,-0.03419852262234535
900,900,2006-01-03,10847.41,0.0,12,1,30.809211873602283,334200.1529698321,-0.6,-0.03996541568840839
901,901,2006-02-01,10953.95,0.0,12,1,30.809211873602283,337482.5664028457,0.98,-0.03053624461323401
902,902,2006-03-01,11053.53,0.0,12,1,30.809211873602283,340550.5477212191,0.91,-0.02172305843277722
903,903,2006-04-03,11144.94,0.0,12,1,30.809211873602283,343366.8177785851,0.83,-0.01363294647499902
904,904,2006-05-01,11343.29,0.0,12,1,30.809211873602283,349477.8249537141,1.78,0.0
905,905,2006-06-01,11260.28,0.0,12,1,30.809211873602283,346920.35227608634,-0.73,-0.007317982701667725
906,906,2006-07-03,11228.02,0.0,12,1,30.809211873602283,345926.44710104394,-0.29,-0.010161954776788829
907,907,2006-08-01,11125.73,0.0,12,1,30.809211873602283,342774.97281849314,-0.91,-0.019179620727319935
908,908,2006-09-01,11464.15,0.0,12,1,30.809211873602283,353201.4263007576,3.04,0.0
909,909,2006-10-02,11670.35,0.0,12,1,30.809211873602283,359554.2857890944,1.8,0.0
910,910,2006-11-01,12031.02,0.0,12,1,30.809211873602283,370666.24423554656,3.09,0.0
911,911,2006-12-01,12194.13,0.0,12,1,30.809211873602283,375691.5347842498,1.36,0.0
912,912,2007-01-03,12474.52,0.0,9,1,30.809211873602283,384330.1297014892,2.3,0.0
913,913,2007-02-01,12673.68,0.0,9,1,30.809211873602283,390466.0923382358,1.6,0.0
914,914,2007-03-01,12234.34,0.0,9,1,30.809211873602283,376930.37319368735,-3.47,-0.03466554307825365
915,915,2007-04-02,12382.3,0.0,9,1,30.809211873602283,381488.9041825055,1.21,-0.022990954482044912
916,916,2007-05-01,13136.14,0.0,9,1,30.809211873602283,404714.1204613019,6.09,0.0
917,917,2007-06-01,13668.11,0.0,9,1,30.809211873602283,421103.69690170215,4.05,0.0
918,918,2007-07-02,13535.43,0.0,9,1,30.809211873602283,417015.93067031255,-0.97,-0.009707267500773775
919,919,2007-08-01,13362.37,0.0,9,1,30.809211873602283,411684.08846346696,-1.28,-0.022368857142648135
920,920,2007-09-04,13448.86,0.0,9,1,30.809211873602283,414348.77719841484,0.65,-0.016040988841910075
921,921,2007-10-01,14087.55,0.0,9,1,30.809211873602283,434026.31272996584,4.75,0.0
922,922,2007-11-01,13567.87,0.0,9,1,30.809211873602283,418015.38150349224,-3.69,-0.03688931006456042
923,923,2007-12-03,13314.57,0.0,9,1,30.809211873602283,410211.4081359088,-1.87,-0.05486972539582813
924,924,2008-01-02,13043.96,0.0,9,1,30.809211873602283,401874.1273107932,-2.03,-0.07407888525684037
925,925,2008-02-01,12743.19,0.0,9,0,0.0,392607.6406555699,-2.31,-0.09542894257695622
926,926,2008-03-03,12258.9,0.0,9,0,0.0,392607.6406555699,0.0,-0.09542894257695622
927,927,2008-04-01,12654.36,0.0,9,0,0.0,392607.6406555699,0.0,-0.09542894257695622
928,928,2008-05-01,13010.0,0.0,9,0,0.0,392607.6406555699,0.0,-0.09542894257695622
929,929,2008-06-02,12503.82,0.0,9,0,0.0,392607.6406555699,0.0,-0.09542894257695622
930,930,2008-07-01,11382.26,0.0,9,0,0.0,392607.6406555699,0.0,-0.09542894257695622
931,931,2008-08-01,11326.32,0.0,9,0,0.0,392607.6406555699,0.0,-0.09542894257695622
932,932,2008-09-02,11516.92,0.0,9,0,0.0,392607.6406555699,0.0,-0.09542894257695622
933,933,2008-10-01,10831.07,0.0,9,0,0.0,392607.6406555699,0.0,-0.09542894257695622
934,934,2008-11-03,9319.83,0.0,9,1,42.126051725790056,392607.6406555699,0.0,-0.09542894257695622
935,935,2008-12-01,8149.09,0.0,9,1,42.126051725790056,343288.9868581185,-12.56,-0.20905950448285504
936,936,2009-01-02,9034.69,0.0,7,1,42.126051725790056,380595.8182664782,10.87,-0.12310427477868147
937,937,2009-02-02,7936.83,0.0,7,1,42.126051725790056,334347.3111188023,-12.15,-0.22966119492663095
938,938,2009-03-02,6763.29,0.0,7,1,42.126051725790056,284910.7043765186,-14.79,-0.3435635213347563
939,939,2009-04-01,7761.6,0.0,7,1,42.126051725790056,326965.5630748921,14.76,-0.2466687998284628
940,940,2009-05-01,8212.41,0.0,7,1,42.126051725790056,345956.40845339553,5.81,-0.20291374438250698
941,941,2009-06-01,8721.44,0.0,7,0,0.0,367399.8325633744,6.2,-0.1535079284652583
942,942,2009-07-01,8504.06,0.0,7,1,43.20287398764525,367399.8325633744,0.0,-0.1535079284652583
943,943,2009-08-03,9286.56,0.0,7,1,43.20287398764525,401206.0814587068,9.2,-0.07561806809551308
944,944,2009-09-01,9310.6,0.0,7,1,43.20287398764525,402244.67854936986,0.26,-0.0732251323213422
945,945,2009-10-01,9509.28,0.0,7,1,43.20287398764525,410828.2255532352,2.13,-0.053448573269251454
946,946,2009-11-02,9789.44,0.0,7,1,43.20287398764525,422931.9427296139,2.95,-0.025561514762941107
947,947,2009-12-01,10471.58,0.0,7,0,0.0,452402.35119154624,6.97,0.0
948,948,2010-01-04,10583.96,0.0,7,0,0.0,452402.35119154624,0.0,0.0
949,949,2010-02-01,10185.53,0.0,7,0,0.0,452402.35119154624,0.0,0.0
950,950,2010-03-01,10403.79,0.0,7,0,0.0,452402.35119154624,0.0,0.0
951,951,2010-04-01,10927.07,0.0,7,0,0.0,452402.35119154624,0.0,0.0
952,952,2010-05-04,10926.77,0.0,7,0,0.0,452402.35119154624,0.0,0.0
953,953,2010-06-01,10024.02,0.0,7,0,0.0,452402.35119154624,0.0,0.0
954,954,2010-07-01,9732.53,0.0,7,1,46.48353009870468,452402.35119154624,0.0,0.0
955,955,2010-08-02,10674.38,0.0,7,1,46.48353009870468,496182.8640150112,9.68,0.0
956,956,2010-09-01,10269.47,0.0,7,1,46.48353009870468,477361.21784274466,-3.79,-0.03793288228449798
957,957,2010-10-01,10829.68,0.0,7,1,46.48353009870468,503401.75623934006,5.46,0.0
958,958,2010-11-01,11124.62,0.0,7,1,46.48353009870468,517111.60860665207,2.72,0.0
959,959,2010-12-01,11255.78,0.0,7,1,46.48353009870468,523208.3884143981,1.18,0.0
960,960,2011-01-03,11670.75,0.0,7,1,46.48353009870468,542497.6588994577,3.69,0.0
961,961,2011-02-01,12040.16,0.0,7,0,0.0,559669.1397532201,3.17,0.0
962,962,2011-03-01,12058.02,0.0,7,1,46.41468000162714,559669.1397532201,0.0,0.0
963,963,2011-04-01,12376.72,0.0,7,1,46.41468000162714,574461.4982697386,2.64,0.0
964,964,2011-05-02,12807.36,0.0,7,1,46.41468000162714,594449.5160656394,3.48,0.0
965,965,2011-06-01,12290.14,0.0,7,1,46.41468000162714,570442.9152751977,-4.04,-0.0403845913599683
966,966,2011-07-01,12582.77,0.0,7,1,46.41468000162714,584025.243084074,2.38,-0.017536010543937275
967,967,2011-08-02,11866.62,0.0,7,1,46.41468000162714,550785.3700009087,-5.69,-0.07345307698073611
968,968,2011-09-01,11493.57,0.0,7,0,0.0,533470.3736263016,-3.14,-0.10258085975564057
969,969,2011-10-03,10655.3,0.0,7,0,0.0,533470.3736263016,0.0,-0.10258085975564057
970,970,2011-11-01,11657.96,0.0,7,0,0.0,533470.3736263016,0.0,-0.10258085975564057
971,971,2011-12-01,12020.03,0.0,7,0,0.0,533470.3736263016,0.0,-0.10258085975564057
972,972,2012-01-03,12397.38,0.0,7,1,43.030896336669656,533470.3736263016,0.0,-0.10258085975564057
973,973,2012-02-01,12716.46,0.0,7,1,43.030896336669656,547200.6720294062,2.57,-0.07948335856835997
974,974,2012-03-01,12980.3,0.0,7,1,43.030896336669656,558553.9437188731,2.07,-0.06038455979296775
975,975,2012-04-02,13264.49,0.0,7,1,43.030896336669656,570782.8941487913,2.19,-0.039812669162363035
976,976,2012-05-01,13279.32,0.0,7,1,43.030896336669656,571421.0423414641,0.11,-0.038739157997115026
977,977,2012-06-01,12118.57,0.0,7,1,43.030896336669656,521472.9294186748,-8.74,-0.12276330398914237
978,978,2012-07-02,12871.39,0.0,7,1,43.030896336669656,553867.4487988465,6.21,-0.06826831576108461
979,979,2012-08-01,12971.06,0.0,7,1,43.030896336669656,558156.3382367223,0.77,-0.06105342312182094
980,980,2012-09-04,13035.94,0.0,7,1,43.030896336669656,560948.1827910454,0.5,-0.056356902258618
981,981,2012-10-01,13515.11,0.0,7,1,43.030896336669656,581567.2973886875,3.68,-0.02167083718431273
982,982,2012-11-01,13232.62,0.0,7,0,0.0,569411.4994825417,-2.09,-0.042119668544457256
983,983,2012-12-03,12965.6,0.0,7,0,0.0,569411.4994825417,0.0,-0.042119668544457256
984,984,2013-01-02,13412.55,0.0,7,1,42.45363480341484,569411.4994825417,0.0,-0.042119668544457256
985,985,2013-02-01,14009.79,0.0,7,1,42.45363480341484,594766.5083325333,4.45,0.0
986,986,2013-03-01,14089.66,0.0,7,1,42.45363480341484,598157.2801442819,0.57,0.0
987,987,2013-04-01,14572.85,0.0,7,1,42.45363480341484,618670.451944944,3.43,0.0
988,988,2013-05-01,14700.95,0.0,7,1,42.45363480341484,624108.7625632614,0.88,0.0
989,989,2013-06-03,15254.03,0.0,7,1,42.45363480341484,647589.0189003341,3.76,0.0
990,990,2013-07-01,14974.96,0.0,7,1,42.45363480341484,635741.4830357451,-1.83,-0.01829483749540295
991,991,2013-08-01,15628.02,0.0,7,1,42.45363480341484,663466.2537804632,4.36,0.0
992,992,2013-09-03,14833.96,0.0,7,1,42.45363480341484,629755.5205284636,-5.08,-0.050810019439442744
993,993,2013-10-01,15191.7,0.0,7,1,42.45363480341484,644942.8838430373,2.41,-0.027919083799483158
994,994,2013-11-01,15615.55,0.0,7,1,42.45363480341484,662936.8569544646,2.79,-0.0007979257769059611
995,995,2013-12-02,16008.77,0.0,7,1,42.45363480341484,679630.4752318634,2.52,0.0
996,996,2014-01-02,16441.35,0.0,7,1,42.45363480341484,697995.0685751246,2.7,0.0
997,997,2014-02-03,15372.8,0.0,7,1,42.45363480341484,652631.2371059357,-6.5,-0.06499162173422501
998,998,2014-03-03,16168.03,0.0,7,1,42.45363480341484,686391.6411106553,5.17,-0.016623939031770507
999,999,2014-04-01,16532.61,0.0,7,1,42.45363480341484,701869.3872872842,2.25,0.0
1000,1000,2014-05-01,16558.87,0.0,7,1,42.45363480341484,702984.219737222,0.16,0.0
1001,1001,2014-06-02,16743.63,0.0,7,1,42.45363480341484,710827.9533035009,1.12,0.0
1002,1002,2014-07-01,16956.07,0.0,7,1,42.45363480341484,719846.8034811383,1.27,0.0
1003,1003,2014-08-01,16493.37,0.0,7,1,42.45363480341484,700203.5066575982,-2.73,-0.027288162882083022
1004,1004,2014-09-02,17067.56,0.0,7,1,42.45363480341484,724579.9592253711,3.48,0.0
1005,1005,2014-10-01,16804.71,0.0,7,1,42.45363480341484,713421.0213172934,-1.54,-0.015400561064381924
1006,1006,2014-11-03,17366.24,0.0,7,1,42.45363480341484,737260.010868455,3.34,0.0
1007,1007,2014-12-01,17776.8,0.0,7,1,42.45363480341484,754689.775173345,2.36,0.0
1008,1008,2015-01-02,17832.99,0.0,7,1,42.45363480341484,757075.2449129489,0.32,0.0
1009,1009,2015-02-02,17361.04,0.0,7,1,42.45363480341484,737039.2519674773,-2.65,-0.02646499549430581
1010,1010,2015-03-02,18288.63,0.0,7,1,42.45363480341484,776418.8190747768,5.34,0.0
1011,1011,2015-04-01,17698.18,0.0,7,1,42.45363480341484,751352.0704051005,-3.23,-0.032285086417079945
1012,1012,2015-05-01,18024.06,0.0,7,1,42.45363480341484,765186.8609148373,1.84,-0.01446636516786659
1013,1013,2015-06-01,18040.37,0.0,7,1,42.45363480341484,765879.279698481,0.09,-0.01357455424490528
1014,1014,2015-07-01,17757.91,0.0,7,0,0.0,753887.8260119085,-1.57,-0.029019122810183262
1015,1015,2015-08-03,17598.2,0.0,7,0,0.0,753887.8260119085,0.0,-0.029019122810183262
1016,1016,2015-09-01,16058.35,0.0,7,0,0.0,753887.8260119085,0.0,-0.029019122810183262
1017,1017,2015-10-01,16272.01,0.0,7,0,0.0,753887.8260119085,0.0,-0.029019122810183262
1018,1018,2015-11-02,17828.76,0.0,7,1,42.28492761201051,753887.8260119085,0.0,-0.029019122810183262
1019,1019,2015-12-01,17888.35,0.0,7,0,0.0,756407.5848483082,0.33,-0.025773762478239592
1020,1020,2016-01-04,17148.94,0.0,7,0,0.0,756407.5848483082,0.0,-0.025773762478239592
1021,1021,2016-02-01,16449.18,0.0,7,0,0.0,756407.5848483082,0.0,-0.025773762478239592
1022,1022,2016-03-01,16865.08,0.0,7,0,0.0,756407.5848483082,0.0,-0.025773762478239592
1023,1023,2016-04-01,17792.75,0.0,7,1,42.51212346873351,756407.5848483082,0.0,-0.025773762478239592
1024,1024,2016-05-02,17891.16,0.0,7,1,42.51212346873351,760591.2029188663,0.55,-0.02038541025418672
1025,1025,2016-06-01,17789.67,0.0,7,0,0.0,756276.6475080245,-0.57,-0.025942405145144343
1026,1026,2016-07-01,17949.37,0.0,7,1,42.133882554542275,756276.6475080245,0.0,-0.025942405145144343
1027,1027,2016-08-01,18404.51,0.0,7,1,42.133882554542275,775453.4628138988,2.54,-0.001243344747913766
1028,1028,2016-09-01,18419.3,0.0,7,1,42.133882554542275,776076.6229368804,0.08,-0.00044073653225484843
1029,1029,2016-10-03,18253.85,0.0,7,1,42.133882554542275,769105.5720682314,-0.9,-0.009419203691198863
1030,1030,2016-11-01,18037.1,0.0,7,1,42.133882554542275,759973.0530245344,-1.19,-0.02118156547240846
1031,1031,2016-12-01,19191.93,0.0,7,1,42.133882554542275,808630.5246149965,6.4,0.0
1032,1032,2017-01-03,19881.76,0.0,7,1,42.133882554542275,837695.7408175963,3.59,0.0
1033,1033,2017-02-01,19890.94,0.0,7,1,42.133882554542275,838082.529859447,0.05,0.0
1034,1034,2017-03-01,21115.55,0.0,7,1,42.133882554542275,889680.1037745652,6.16,0.0
1035,1035,2017-04-03,20650.21,0.0,7,1,42.133882554542275,870073.5228666344,-2.2,-0.0220377873178772
1036,1036,2017-05-01,20913.46,0.0,7,1,42.133882554542275,881165.2674491176,1.27,-0.009570671850839929
1037,1037,2017-06-01,21144.18,0.0,7,1,42.133882554542275,890886.3968321017,1.1,0.0
1038,1038,2017-07-03,21479.27,0.0,7,1,42.133882554542275,905005.0395373033,1.58,0.0
1039,1039,2017-08-01,21963.92,0.0,7,1,42.133882554542275,925425.2257173621,2.26,0.0
1040,1040,2017-09-01,21987.56,0.0,7,1,42.133882554542275,926421.2707009516,0.11,0.0
1041,1041,2017-10-02,22557.6,0.0,7,1,42.133882554542275,950439.2691123427,2.59,0.0
1042,1042,2017-11-01,23435.01,0.0,7,1,42.133882554542275,987407.9590045237,3.89,0.0
1043,1043,2017-12-01,24231.59,0.0,7,1,42.133882554542275,1020970.967169821,3.4,0.0
