,Date,Open,High,Low,Close,Dividend,Momentum 1,Momentum 2,Momentum 3,Momentum 4,Momentum 5,Momentum 6,Momentum 7,Momentum 8,Momentum 9,Momentum 10,Momentum 11,Momentum 12
0,1/1/1928,17.76,17.76,17.26,17.57,0,0,0,0,0,0,0,0,0,0,0,0,0
1,2/1/1928,17.53,17.63,16.95,17.26,0,0,0,0,0,0,0,0,0,0,0,0,0
2,3/1/1928,17.3,19.28,17.3,19.28,0,0,0,0,0,0,0,0,0,0,0,0,0
3,4/1/1928,18.91,19.75,18.91,19.75,0,0,0,0,0,0,0,0,0,0,0,0,0
4,5/1/1928,19.83,20.44,19.36,20,0,0,0,0,0,0,0,0,0,0,0,0,0
5,6/1/1928,19.8,19.85,18.34,19.14,0,0,0,0,0,0,0,0,0,0,0,0,0
6,7/1/1928,19.29,19.48,18.7,19.43,0,0,0,0,0,0,0,0,0,0,0,0,0
7,8/1/1928,19.33,20.87,19.13,20.87,0,0,0,0,0,0,0,0,0,0,0,0,0
8,9/1/1928,20.97,21.43,20.92,21.14,0,0,0,0,0,0,0,0,0,0,0,0,0
9,10/1/1928,21.36,22,21.11,21.68,0,0,0,0,0,0,0,0,0,0,0,0,0
10,11/1/1928,21.99,24.28,21.95,24.28,0,0,0,0,0,0,0,0,0,0,0,0,0
11,12/1/1928,23.85,24.35,22.31,24.35,0,0,0,0,0,0,0,0,0,0,0,0,0
12,1/1/1929,24.81,25.74,24.17,25.74,0,1,1,1,1,1,1,1,1,1,1,1,1
13,2/1/1929,25.84,25.84,24.35,25.59,0,0,1,1,1,1,1,1,1,1,1,1,1
14,3/1/1929,25.83,26.08,24.35,25.35,0,0,0,1,1,1,1,1,1,1,1,1,1
15,4/1/1929,24.88,25.94,24.63,25.94,0,1,1,1,1,1,1,1,1,1,1,1,1
16,5/1/1929,26.11,26.37,24.2,24.83,0,0,0,0,0,1,1,1,1,1,1,1,1
17,6/1/1929,25.27,27.41,25.27,27.41,0,1,1,1,1,1,1,1,1,1,1,1,1
18,7/1/1929,28.06,28.88,28.06,28.88,0,1,1,1,1,1,1,1,1,1,1,1,1
19,8/1/1929,29.56,31.71,28.38,31.71,0,1,1,1,1,1,1,1,1,1,1,1,1
20,9/1/1929,31.72,31.86,30.16,30.16,0,0,1,1,1,1,1,1,1,1,1,1,1
21,10/1/1929,29.98,30.81,20.43,24.15,0,0,0,0,0,0,0,0,0,0,0,0,1
22,11/1/1929,22.88,22.88,17.66,20.92,0,0,0,0,0,0,0,0,0,0,0,0,0
23,12/1/1929,20.95,22.57,20.16,21.45,0,1,0,0,0,0,0,0,0,0,0,0,0
24,1/1/1930,21.18,22.79,21.18,22.79,0,1,1,0,0,0,0,0,0,0,0,0,0
25,2/1/1930,22.74,23.36,22.64,23.28,0,1,1,1,0,0,0,0,0,0,0,0,0
26,3/1/1930,23.36,25.14,23.36,25.14,0,1,1,1,1,1,0,0,0,0,1,0,0
27,4/1/1930,25.37,25.92,24.73,24.9,0,0,1,1,1,1,1,0,0,0,0,1,0
28,5/1/1930,23.57,24.57,22.98,24.49,0,0,0,1,1,1,1,1,0,0,0,0,0
29,6/1/1930,24.18,24.29,19.39,20.46,0,0,0,0,0,0,0,0,0,0,0,0,0
30,7/1/1930,20.46,21.82,19.83,21.21,0,1,0,0,0,0,0,0,1,0,0,0,0
31,8/1/1930,21.52,21.52,19.88,21.37,0,1,1,0,0,0,0,0,0,1,0,0,0
32,9/1/1930,21.17,21.86,18.59,18.59,0,0,0,0,0,0,0,0,0,0,0,0,0
33,10/1/1930,19.42,19.42,16.9,16.94,0,0,0,0,0,0,0,0,0,0,0,0,0
34,11/1/1930,17.13,17.2,15.54,16.38,0,0,0,0,0,0,0,0,0,0,0,0,0
35,12/1/1930,16.8,16.96,14.44,15.34,0,0,0,0,0,0,0,0,0,0,0,0,0
36,1/1/1931,15.85,16.42,15.46,16.19,0,1,0,0,0,0,0,0,0,0,0,0,0
37,2/1/1931,16.16,18.17,16.16,18.03,0,1,1,1,1,0,0,0,0,0,0,0,0
38,3/1/1931,17.52,18.06,16.66,16.69,0,0,1,1,1,0,0,0,0,0,0,0,0
39,4/1/1931,16.52,16.72,14.37,15.09,0,0,0,0,0,0,0,0,0,0,0,0,0
40,5/1/1931,15.06,15.44,13.02,13.02,0,0,0,0,0,0,0,0,0,0,0,0,0
41,6/1/1931,12.2,15.35,12.2,14.83,0,1,0,0,0,0,0,0,0,0,0,0,0
42,7/1/1931,14.94,15.26,13.73,13.73,0,0,1,0,0,0,0,0,0,0,0,0,0
43,8/1/1931,13.93,14.29,13.55,13.86,0,1,0,1,0,0,0,0,0,0,0,0,0
44,9/1/1931,13.66,13.66,9.71,9.71,0,0,0,0,0,0,0,0,0,0,0,0,0
45,10/1/1931,9.53,10.96,8.82,10.43,0,1,0,0,0,0,0,0,0,0,0,0,0
46,11/1/1931,10.5,11.52,9.31,9.5,0,0,0,0,0,0,0,0,0,0,0,0,0
47,12/1/1931,9.38,9.38,7.72,8.12,0,0,0,0,0,0,0,0,0,0,0,0,0
48,1/1/1932,7.56,8.92,7.55,7.94,0,0,0,0,0,0,0,0,0,0,0,0,0
49,2/1/1932,8.23,8.84,7.5,8.29,0,1,1,0,0,0,0,0,0,0,0,0,0
50,3/1/1932,8.35,8.98,7.31,7.31,0,0,0,0,0,0,0,0,0,0,0,0,0
51,4/1/1932,7.18,7.18,5.83,5.83,0,0,0,0,0,0,0,0,0,0,0,0,0
52,5/1/1932,5.66,6.09,4.47,4.47,0,0,0,0,0,0,0,0,0,0,0,0,0
53,6/1/1932,4.64,5.12,4.43,4.43,0,0,0,0,0,0,0,0,0,0,0,0,0
54,7/1/1932,4.5,6.03,4.41,6.03,0,1,1,1,0,0,0,0,0,0,0,0,0
55,8/1/1932,5.87,8.58,5.87,8.39,0,1,1,1,1,1,1,1,1,0,0,0,0
56,9/1/1932,8.84,9.31,7.34,8.08,0,0,1,1,1,1,1,0,1,0,0,0,0
57,10/1/1932,8.06,8.06,6.42,6.96,0,0,0,1,1,1,1,0,0,0,0,0,0
58,11/1/1932,6.76,7.68,6.48,6.55,0,0,0,0,1,1,1,1,0,0,0,0,0
59,12/1/1932,6.73,7.12,6.47,6.92,0,1,0,0,0,1,1,1,1,0,0,0,0
60,1/1/1933,6.83,7.34,6.83,6.94,0,1,1,0,0,0,1,1,1,1,0,0,0
61,2/1/1933,6.67,6.76,5.53,5.66,0,0,0,0,0,0,0,0,1,1,0,0,0
62,3/1/1933,5.77,6.93,5.65,5.85,0,1,0,0,0,0,0,0,0,1,1,1,0
63,4/1/1933,5.87,7.91,5.87,7.83,0,1,1,1,1,1,1,0,0,1,1,1,1
64,5/1/1933,8.46,9.78,8.34,9.64,0,1,1,1,1,1,1,1,1,1,1,1,1
65,6/1/1933,10.13,10.98,9.74,10.91,0,1,1,1,1,1,1,1,1,1,1,1,1
66,7/1/1933,11.62,12.2,9.65,9.95,0,0,1,1,1,1,1,1,1,1,1,1,1
67,8/1/1933,10.49,11.28,10.05,11.09,0,1,1,1,1,1,1,1,1,1,1,1,1
68,9/1/1933,10.84,11.13,9.65,9.72,0,0,0,0,1,1,1,1,1,1,1,1,1
69,10/1/1933,9.62,10.32,8.61,8.96,0,0,0,0,0,0,1,1,1,1,1,1,1
70,11/1/1933,9.12,10.23,9.12,9.88,0,1,1,0,0,0,1,1,1,1,1,1,1
71,12/1/1933,9.91,10.31,9.55,9.97,0,1,1,1,0,1,0,1,1,1,1,1,1
72,1/1/1934,10.11,11.33,9.76,11.17,0,1,1,1,1,1,1,1,1,1,1,1,1
73,2/1/1934,11.46,11.82,10.69,10.76,0,0,1,1,1,1,0,1,0,1,1,1,1
74,3/1/1934,10.72,11.07,10.42,10.62,0,0,0,1,1,1,1,0,1,0,1,1,1
75,4/1/1934,10.76,11.16,10.46,10.46,0,0,0,0,1,1,1,1,0,1,0,1,1
76,5/1/1934,10.25,10.32,9.45,9.61,0,0,0,0,0,0,0,1,0,0,0,0,0
77,6/1/1934,9.49,10.37,9.49,9.81,0,1,0,0,0,0,0,0,1,1,0,0,0
78,7/1/1934,9.66,9.99,8.36,8.68,0,0,0,0,0,0,0,0,0,0,0,0,0
79,8/1/1934,9.01,9.52,8.69,9.15,0,1,0,0,0,0,0,0,0,0,1,0,0
80,9/1/1934,9.06,9.21,8.45,9.08,0,0,1,0,0,0,0,0,0,0,0,1,0
81,10/1/1934,8.83,9.19,8.76,8.81,0,0,0,1,0,0,0,0,0,0,0,0,0
82,11/1/1934,8.77,9.54,8.77,9.54,0,1,1,1,1,0,0,0,0,0,0,0,0
83,12/1/1934,9.41,9.56,9.02,9.5,0,0,1,1,1,1,0,0,0,0,0,0,0
84,1/1/1935,9.51,9.58,8.96,9.1,0,0,0,1,1,0,1,0,0,0,0,0,0
85,2/1/1935,9.05,9.34,8.74,8.74,0,0,0,0,0,0,0,1,0,0,0,0,0
86,3/1/1935,8.79,8.79,8.06,8.45,0,0,0,0,0,0,0,0,0,0,0,0,0
87,4/1/1935,8.54,9.44,8.48,9.28,0,1,1,1,0,0,1,1,1,1,0,0,0
88,5/1/1935,9.27,10.07,9.27,9.58,0,1,1,1,1,1,1,1,1,1,1,0,0
89,6/1/1935,9.67,10.47,9.67,10.24,0,1,1,1,1,1,1,1,1,1,1,1,1
90,7/1/1935,10.29,11.08,10.29,11.08,0,1,1,1,1,1,1,1,1,1,1,1,1
91,8/1/1935,10.95,11.67,10.95,11.24,0,1,1,1,1,1,1,1,1,1,1,1,1
92,9/1/1935,11.36,11.92,11.26,11.59,0,1,1,1,1,1,1,1,1,1,1,1,1
93,10/1/1935,11.48,12.46,11.1,12.46,0,1,1,1,1,1,1,1,1,1,1,1,1
94,11/1/1935,12.61,13.46,12.61,12.94,0,1,1,1,1,1,1,1,1,1,1,1,1
95,12/1/1935,12.75,13.43,12.73,13.43,0,1,1,1,1,1,1,1,1,1,1,1,1
96,1/1/1936,13.4,14.31,13.4,14.31,0,1,1,1,1,1,1,1,1,1,1,1,1
97,2/1/1936,14.44,14.87,14.32,14.6,0,1,1,1,1,1,1,1,1,1,1,1,1
98,3/1/1936,14.98,15.1,14.24,14.92,0,1,1,1,1,1,1,1,1,1,1,1,1
99,4/1/1936,15.34,15.51,13.53,13.77,0,0,0,0,1,1,1,1,1,1,1,1,1
100,5/1/1936,13.82,14.45,13.82,14.4,0,1,0,0,1,1,1,1,1,1,1,1,1
101,6/1/1936,14.39,15.16,14.12,14.84,0,1,1,0,1,1,1,1,1,1,1,1,1
102,7/1/1936,14.88,16.15,14.81,15.85,0,1,1,1,1,1,1,1,1,1,1,1,1
103,8/1/1936,15.91,16.2,15.32,15.99,0,1,1,1,1,1,1,1,1,1,1,1,1
104,9/1/1936,16.01,16.29,15.75,16.01,0,1,1,1,1,1,1,1,1,1,1,1,1
105,10/1/1936,16.35,17.23,16.35,17.23,0,1,1,1,1,1,1,1,1,1,1,1,1
106,11/1/1936,17.43,17.69,16.89,17.28,0,1,1,1,1,1,1,1,1,1,1,1,1
107,12/1/1936,17.14,17.32,16.65,17.18,0,0,0,1,1,1,1,1,1,1,1,1,1
108,1/1/1937,16.93,17.96,16.93,17.77,0,1,1,1,1,1,1,1,1,1,1,1,1
109,2/1/1937,17.88,18.37,17.86,18.06,0,1,1,1,1,1,1,1,1,1,1,1,1
110,3/1/1937,18.09,18.67,17.22,17.92,0,0,1,1,1,1,1,1,1,1,1,1,1
111,4/1/1937,17.71,17.71,15.99,16.43,0,0,0,0,0,0,0,1,1,1,1,1,1
112,5/1/1937,16.47,16.73,15.62,16.26,0,0,0,0,0,0,0,0,1,1,1,1,1
113,6/1/1937,16.07,16.28,15.12,15.4,0,0,0,0,0,0,0,0,0,0,0,0,1
114,7/1/1937,15.7,17.06,15.7,16.77,0,1,1,1,0,0,0,0,0,0,1,1,1
115,8/1/1937,16.93,17.27,15.88,16.04,0,0,1,0,0,0,0,0,0,0,0,1,1
116,9/1/1937,15.36,15.46,13.2,13.76,0,0,0,0,0,0,0,0,0,0,0,0,0
117,10/1/1937,13.72,13.72,10.76,12.35,0,0,0,0,0,0,0,0,0,0,0,0,0
118,11/1/1937,12.08,12.08,10.17,11.11,0,0,0,0,0,0,0,0,0,0,0,0,0
119,12/1/1937,10.97,11.42,10.31,10.55,0,0,0,0,0,0,0,0,0,0,0,0,0
120,1/1/1938,10.52,11.95,10.52,10.69,0,1,0,0,0,0,0,0,0,0,0,0,0
121,2/1/1938,10.89,11.68,10.34,11.34,0,1,1,1,0,0,0,0,0,0,0,0,0
122,3/1/1938,11.46,11.46,8.5,8.5,0,0,0,0,0,0,0,0,0,0,0,0,0
123,4/1/1938,8.91,10.45,8.91,9.78,0,1,0,0,0,0,0,0,0,0,0,0,0
124,5/1/1938,9.85,10.63,9.27,9.27,0,0,1,0,0,0,0,0,0,0,0,0,0
125,6/1/1938,9.54,11.72,9.42,11.56,0,1,1,1,1,1,1,1,0,0,0,0,0
126,7/1/1938,11.98,12.8,11.73,12.33,0,1,1,1,1,1,1,1,1,0,0,0,0
127,8/1/1938,12.41,12.73,11.85,12.06,0,0,1,1,1,1,1,1,1,1,0,0,0
128,9/1/1938,12.26,12.41,10.99,12.24,0,1,0,1,1,1,1,1,1,1,1,0,0
129,10/1/1938,12.52,13.43,12.48,13.17,0,1,1,1,1,1,1,1,1,1,1,1,1
130,11/1/1938,13.1,13.79,12.37,12.73,0,0,1,1,1,1,1,1,1,1,1,1,1
131,12/1/1938,12.61,13.14,12.32,13.14,0,1,0,1,1,1,1,1,1,1,1,1,1
132,1/1/1939,13.08,13.23,11.53,12.3,0,0,0,0,1,1,0,1,1,1,1,1,1
133,2/1/1939,12.12,12.7,12.12,12.7,0,1,0,0,0,1,1,1,1,1,1,1,1
134,3/1/1939,12.7,13.1,10.98,10.98,0,0,0,0,0,0,0,0,0,0,1,1,1
135,4/1/1939,11.26,11.26,10.42,10.93,0,0,0,0,0,0,0,0,0,0,0,1,1
136,5/1/1939,11,11.65,10.87,11.6,0,1,1,0,0,0,0,0,0,0,0,1,1
137,6/1/1939,11.48,11.8,10.79,10.86,0,0,0,0,0,0,0,0,0,0,0,0,0
138,7/1/1939,11,12.18,11,12.04,0,1,1,1,1,0,0,0,0,0,0,0,0
139,8/1/1939,12.16,12.16,10.86,11.18,0,0,1,0,1,1,0,0,0,0,0,0,0
140,9/1/1939,12.64,13.17,12.47,12.79,0,1,1,1,1,1,1,1,1,0,1,0,1
141,10/1/1939,12.88,13.21,12.73,12.83,0,1,1,1,1,1,1,1,1,1,0,1,0
142,11/1/1939,12.82,12.95,12.2,12.2,0,0,0,1,1,1,1,1,1,0,0,0,0
143,12/1/1939,12.29,12.46,12.19,12.46,0,1,0,0,1,1,1,1,1,1,0,1,0
144,1/1/1940,12.63,12.77,12.05,12.05,0,0,0,0,0,1,1,1,1,1,1,0,0
145,2/1/1940,12.05,12.37,12.04,12.13,0,1,0,0,0,0,1,1,1,1,1,1,0
146,3/1/1940,12.06,12.27,12,12.18,0,1,1,0,0,0,0,1,1,1,1,1,1
147,4/1/1940,12.21,12.59,12.04,12.19,0,1,1,1,0,0,0,0,1,1,1,1,1
148,5/1/1940,12.1,12.12,9.14,9.27,0,0,0,0,0,0,0,0,0,0,0,0,0
149,6/1/1940,9.11,10.1,8.99,9.98,0,1,0,0,0,0,0,0,0,0,0,0,0
150,7/1/1940,9.85,10.33,9.85,10.29,0,1,1,0,0,0,0,0,0,0,0,0,0
151,8/1/1940,10.25,10.5,9.84,10.5,0,1,1,1,0,0,0,0,0,0,0,0,0
152,9/1/1940,10.78,10.93,10.3,10.66,0,1,1,1,1,0,0,0,0,0,0,0,0
153,10/1/1940,10.81,11.08,10.47,11.08,0,1,1,1,1,1,0,0,0,0,0,0,0
154,11/1/1940,11.08,11.39,10.56,10.57,0,0,0,1,1,1,1,0,0,0,0,0,0
155,12/1/1940,10.62,10.69,10.38,10.58,0,1,0,0,1,1,1,1,0,0,0,0,0
156,1/1/1941,10.48,10.86,10.04,10.07,0,0,0,0,0,0,0,1,1,0,0,0,0
157,2/1/1941,9.96,10.19,9.53,9.92,0,0,0,0,0,0,0,0,0,1,0,0,0
158,3/1/1941,9.77,10.1,9.76,9.96,0,1,0,0,0,0,0,0,0,0,1,0,0
159,4/1/1941,9.97,10.16,9.31,9.31,0,0,0,0,0,0,0,0,0,0,0,1,0
160,5/1/1941,9.33,9.56,9.33,9.38,0,1,0,0,0,0,0,0,0,0,0,0,1
161,6/1/1941,9.47,9.95,9.46,9.85,0,1,1,0,0,0,0,0,0,0,0,0,0
162,7/1/1941,9.89,10.47,9.89,10.39,0,1,1,1,1,1,1,0,0,0,0,0,1
163,8/1/1941,10.36,10.36,10.03,10.28,0,0,1,1,1,1,1,1,0,0,0,0,0
164,9/1/1941,10.27,10.47,10.09,10.2,0,0,0,1,1,1,1,1,1,0,0,0,0
165,10/1/1941,10.17,10.17,9.5,9.5,0,0,0,0,0,1,1,0,0,0,0,0,0
166,11/1/1941,9.59,9.66,9.12,9.12,0,0,0,0,0,0,0,0,0,0,0,0,0
167,12/1/1941,9.07,9.38,8.37,8.69,0,0,0,0,0,0,0,0,0,0,0,0,0
168,1/1/1942,8.89,9.09,8.81,8.85,0,1,0,0,0,0,0,0,0,0,0,0,0
169,2/1/1942,8.84,8.97,8.46,8.59,0,0,0,0,0,0,0,0,0,0,0,0,0
170,3/1/1942,8.47,8.6,7.98,8.01,0,0,0,0,0,0,0,0,0,0,0,0,0
171,4/1/1942,8.05,8.2,7.47,7.66,0,0,0,0,0,0,0,0,0,0,0,0,0
172,5/1/1942,7.71,8.18,7.71,8.15,0,1,1,0,0,0,0,0,0,0,0,0,0
173,6/1/1942,8.19,8.53,8.18,8.3,0,1,1,1,0,0,0,0,0,0,0,0,0
174,7/1/1942,8.23,8.83,8.23,8.56,0,1,1,1,1,0,0,0,0,0,0,0,0
175,8/1/1942,8.57,8.73,8.46,8.62,0,1,1,1,1,1,1,0,0,0,0,0,0
176,9/1/1942,8.62,8.9,8.54,8.85,0,1,1,1,1,1,1,1,1,1,0,0,0
177,10/1/1942,8.92,9.48,8.92,9.36,0,1,1,1,1,1,1,1,1,1,1,1,0
178,11/1/1942,9.48,9.69,9.29,9.29,0,0,1,1,1,1,1,1,1,1,1,1,1
179,12/1/1942,9.28,9.77,9.28,9.77,0,1,1,1,1,1,1,1,1,1,1,1,1
180,1/1/1943,9.92,10.44,9.89,10.44,0,1,1,1,1,1,1,1,1,1,1,1,1
181,2/1/1943,10.52,10.97,10.43,10.97,0,1,1,1,1,1,1,1,1,1,1,1,1
182,3/1/1943,10.92,11.59,10.84,11.58,0,1,1,1,1,1,1,1,1,1,1,1,1
183,4/1/1943,11.59,11.76,11.14,11.59,0,1,1,1,1,1,1,1,1,1,1,1,1
184,5/1/1943,11.82,12.05,11.7,12.05,0,1,1,1,1,1,1,1,1,1,1,1,1
185,6/1/1943,12.18,12.35,11.88,12.35,0,1,1,1,1,1,1,1,1,1,1,1,1
186,7/1/1943,12.36,12.64,11.85,11.85,0,0,0,1,1,1,1,1,1,1,1,1,1
187,8/1/1943,11.47,11.92,11.47,11.8,0,0,0,0,1,1,1,1,1,1,1,1,1
188,9/1/1943,11.84,12.24,11.78,12.08,0,1,1,0,1,1,1,1,1,1,1,1,1
189,10/1/1943,12.09,12.09,11.67,11.91,0,0,1,1,0,0,1,1,1,1,1,1,1
190,11/1/1943,11.92,11.92,10.99,11.02,0,0,0,0,0,0,0,0,0,1,1,1,1
191,12/1/1943,11.13,11.69,11.13,11.67,0,1,0,0,0,0,0,0,1,1,1,1,1
192,1/1/1944,11.66,11.94,11.66,11.85,0,1,1,0,0,1,1,0,0,1,1,1,1
193,2/1/1944,11.83,11.89,11.56,11.82,0,0,1,1,0,0,1,0,0,0,1,1,1
194,3/1/1944,11.87,12.31,11.87,12.02,0,1,1,1,1,1,0,1,1,0,0,1,1
195,4/1/1944,11.96,12.06,11.67,11.87,0,0,1,1,1,1,0,0,1,1,0,0,1
196,5/1/1944,11.96,12.35,11.95,12.35,0,1,1,1,1,1,1,1,1,1,1,1,1
197,6/1/1944,12.31,13.02,12.23,12.98,0,1,1,1,1,1,1,1,1,1,1,1,1
198,7/1/1944,13.11,13.27,12.7,12.71,0,0,1,1,1,1,1,1,1,1,1,1,1
199,8/1/1944,12.78,13.04,12.61,12.82,0,1,0,1,1,1,1,1,1,1,1,1,1
200,9/1/1944,12.86,12.86,12.35,12.74,0,0,1,0,1,1,1,1,1,1,1,1,1
201,10/1/1944,12.8,13.07,12.73,12.78,0,1,0,1,0,1,1,1,1,1,1,1,1
202,11/1/1944,12.83,12.98,12.67,12.83,0,1,1,1,1,0,1,1,1,1,1,1,1
203,12/1/1944,12.8,13.28,12.8,13.28,0,1,1,1,1,1,1,1,1,1,1,1,1
204,1/1/1945,13.33,13.69,13.21,13.47,0,1,1,1,1,1,1,1,1,1,1,1,1
205,2/1/1945,13.5,14.3,13.5,14.3,0,1,1,1,1,1,1,1,1,1,1,1,1
206,3/1/1945,14.32,14.38,13.39,13.61,0,0,1,1,1,1,1,1,1,1,1,1,1
207,4/1/1945,13.77,14.84,13.67,14.84,0,1,1,1,1,1,1,1,1,1,1,1,1
208,5/1/1945,14.79,15.11,14.62,15.01,0,1,1,1,1,1,1,1,1,1,1,1,1
209,6/1/1945,15.03,15.37,14.87,14.87,0,0,1,1,1,1,1,1,1,1,1,1,1
210,7/1/1945,15.03,15.1,14.38,14.66,0,0,0,0,1,1,1,1,1,1,1,1,1
211,8/1/1945,14.68,15.35,14.4,15.15,0,1,1,1,1,1,1,1,1,1,1,1,1
212,9/1/1945,15.51,16.05,15.51,16.05,0,1,1,1,1,1,1,1,1,1,1,1,1
213,10/1/1945,16.33,16.72,16.3,16.65,0,1,1,1,1,1,1,1,1,1,1,1,1
214,11/1/1945,16.87,17.27,16.85,17.19,0,1,1,1,1,1,1,1,1,1,1,1,1
215,12/1/1945,17.44,17.68,16.94,17.36,0,1,1,1,1,1,1,1,1,1,1,1,1
216,1/1/1946,17.25,18.67,17.23,18.57,0,1,1,1,1,1,1,1,1,1,1,1,1
217,2/1/1946,18.64,18.7,16.81,17.28,0,0,0,1,1,1,1,1,1,1,1,1,1
218,3/1/1946,17.21,18.07,17.09,18.04,0,1,0,1,1,1,1,1,1,1,1,1,1
219,4/1/1946,18.06,18.9,18.06,18.76,0,1,1,1,1,1,1,1,1,1,1,1,1
220,5/1/1946,18.62,19.25,18.26,19.18,0,1,1,1,1,1,1,1,1,1,1,1,1
221,6/1/1946,18.93,18.93,18.03,18.43,0,0,0,1,1,0,1,1,1,1,1,1,1
222,7/1/1946,18.53,18.53,17.39,17.96,0,0,0,0,0,1,0,1,1,1,1,1,1
223,8/1/1946,18.02,18.23,16.65,16.65,0,0,0,0,0,0,0,0,0,0,1,1,1
224,9/1/1946,15.46,15.99,14.33,14.96,0,0,0,0,0,0,0,0,0,0,0,0,0
225,10/1/1946,14.92,15.3,14.12,14.84,0,0,0,0,0,0,0,0,0,0,0,0,0
226,11/1/1946,15.07,15.33,14.13,14.68,0,0,0,0,0,0,0,0,0,0,0,0,0
227,12/1/1946,14.44,15.5,14.44,15.3,0,1,1,1,0,0,0,0,0,0,0,0,0
228,1/1/1947,15.2,15.66,14.77,15.66,0,1,1,1,1,0,0,0,0,0,0,0,0
229,2/1/1947,15.8,16.14,15.3,15.43,0,0,1,1,1,1,0,0,0,0,0,0,0
230,3/1/1947,15.41,15.65,14.78,15.17,0,0,0,0,1,1,1,0,0,0,0,0,0
231,4/1/1947,15.23,15.23,14.09,14.58,0,0,0,0,0,0,0,0,0,0,0,0,0
232,5/1/1947,14.79,14.85,13.77,14.45,0,0,0,0,0,0,0,0,0,0,0,0,0
233,6/1/1947,14.5,15.24,14.39,15.21,0,1,1,1,0,0,0,1,1,1,0,0,0
234,7/1/1947,15.44,16.12,15.44,15.76,0,1,1,1,1,1,1,1,1,1,1,0,0
235,8/1/1947,15.62,15.67,15.22,15.32,0,0,1,1,1,1,0,0,1,1,1,1,0
236,9/1/1947,15.33,15.33,14.85,15.11,0,0,0,0,1,1,0,0,0,0,1,1,1
237,10/1/1947,15.16,15.79,15.16,15.43,0,1,1,0,1,1,1,1,1,0,1,1,1
238,11/1/1947,15.46,15.46,14.98,14.98,0,0,0,0,0,0,1,1,0,0,0,0,1
239,12/1/1947,15.07,15.3,14.63,15.3,0,1,0,1,0,0,1,1,1,1,0,0,1
240,1/1/1948,15.34,15.34,14.32,14.68,0,0,0,0,0,0,0,0,1,1,0,0,0
241,2/1/1948,14.71,14.71,13.85,13.93,0,0,0,0,0,0,0,0,0,0,0,0,0
242,3/1/1948,14.07,15.08,13.84,15.08,0,1,1,0,1,0,0,0,0,0,1,1,0
243,4/1/1948,15.12,15.78,15.12,15.48,0,1,1,1,1,1,1,1,1,0,1,1,1
244,5/1/1948,15.6,16.69,15.5,16.69,0,1,1,1,1,1,1,1,1,1,1,1,1
245,6/1/1948,16.76,17.06,16.54,16.74,0,1,1,1,1,1,1,1,1,1,1,1,1
246,7/1/1948,16.85,16.92,15.72,15.85,0,0,0,1,1,1,1,1,1,1,1,1,1
247,8/1/1948,15.9,16.15,15.67,15.97,0,1,0,0,1,1,1,1,1,1,1,1,1
248,9/1/1948,16.24,16.35,15.19,15.49,0,0,0,0,0,1,1,1,1,1,1,1,1
249,10/1/1948,15.67,16.61,15.67,16.5,0,1,1,1,0,0,1,1,1,1,1,1,1
250,11/1/1948,16.7,16.7,14.75,14.75,0,0,0,0,0,0,0,0,0,1,1,0,0
251,12/1/1948,15.01,15.33,15,15.2,0,1,0,0,0,0,0,0,0,1,1,1,0
252,1/1/1949,14.95,15.61,14.95,15.22,0,1,1,0,0,0,0,0,0,0,1,1,1
253,2/1/1949,15.34,15.35,14.38,14.62,0,0,0,0,0,0,0,0,0,0,0,0,1
254,3/1/1949,14.71,15.22,14.65,15.06,0,1,0,0,1,0,0,0,0,0,0,0,0
255,4/1/1949,14.94,15.07,14.68,14.71,0,0,1,0,0,0,0,0,0,0,0,0,0
256,5/1/1949,14.85,15.02,14.19,14.19,0,0,0,0,0,0,0,0,0,0,0,0,0
257,6/1/1949,14.14,14.16,13.55,14.16,0,0,0,0,0,0,0,0,0,0,0,0,0
258,7/1/1949,14.34,15.06,14.34,15.04,0,1,1,1,0,1,0,0,1,0,0,0,0
259,8/1/1949,15.16,15.51,15.12,15.22,0,1,1,1,1,1,1,1,1,1,0,0,0
260,9/1/1949,15.29,15.74,15.19,15.58,0,1,1,1,1,1,1,1,1,1,1,0,1
261,10/1/1949,15.6,16.15,15.6,16.04,0,1,1,1,1,1,1,1,1,1,1,1,0
262,11/1/1949,16.2,16.33,15.75,16.06,0,1,1,1,1,1,1,1,1,1,1,1,1
263,12/1/1949,16.15,16.79,16.15,16.79,0,1,1,1,1,1,1,1,1,1,1,1,1
264,1/1/1950,16.66,17.09,16.65,17.049999,0,1,1,1,1,1,1,1,1,1,1,1,1
265,2/1/1950,17.049999,17.35,16.99,17.219999,0,1,1,1,1,1,1,1,1,1,1,1,1
266,3/1/1950,17.24,17.610001,17.07,17.290001,0,1,1,1,1,1,1,1,1,1,1,1,1
267,4/1/1950,17.34,18.07,17.34,18.07,0,1,1,1,1,1,1,1,1,1,1,1,1
268,5/1/1950,18.219999,18.780001,18.110001,18.780001,0,1,1,1,1,1,1,1,1,1,1,1,1
269,6/1/1950,18.77,19.4,17.440001,17.690001,0,0,0,1,1,1,1,1,1,1,1,1,1
270,7/1/1950,17.639999,17.91,16.68,17.84,0,1,0,0,1,1,1,1,1,1,1,1,1
271,8/1/1950,18.02,18.82,17.950001,18.42,0,1,1,0,1,1,1,1,1,1,1,1,1
272,9/1/1950,18.549999,19.450001,18.540001,19.450001,0,1,1,1,1,1,1,1,1,1,1,1,1
273,10/1/1950,19.690001,20.16,19.530001,19.530001,0,1,1,1,1,1,1,1,1,1,1,1,1
274,11/1/1950,19.559999,20.32,19.360001,19.51,0,0,1,1,1,1,1,1,1,1,1,1,1
275,12/1/1950,19.66,20.43,19,20.41,0,1,1,1,1,1,1,1,1,1,1,1,1
276,1/1/1951,20.77,21.74,20.690001,21.66,0,1,1,1,1,1,1,1,1,1,1,1,1
277,2/1/1951,21.77,22.209999,21.76,21.799999,0,1,1,1,1,1,1,1,1,1,1,1,1
278,3/1/1951,21.85,21.950001,21.25,21.4,0,0,0,1,1,1,1,1,1,1,1,1,1
279,4/1/1951,21.32,22.43,21.26,22.43,0,1,1,1,1,1,1,1,1,1,1,1,1
280,5/1/1951,22.530001,22.809999,21.030001,21.52,0,0,1,0,0,1,1,1,1,1,1,1,1
281,6/1/1951,21.48,22.049999,20.959999,20.959999,0,0,0,0,0,0,1,1,1,1,1,1,1
282,7/1/1951,21.1,22.629999,21.1,22.4,0,1,1,0,1,1,1,1,1,1,1,1,1
283,8/1/1951,22.51,23.280001,22.51,23.280001,0,1,1,1,1,1,1,1,1,1,1,1,1
284,9/1/1951,23.280001,23.709999,23.26,23.26,0,0,1,1,1,1,1,1,1,1,1,1,1
285,10/1/1951,23.469999,23.85,22.450001,22.940001,0,0,0,1,1,1,1,1,1,1,1,1,1
286,11/1/1951,23.1,23.1,22.299999,22.879999,0,0,0,0,1,1,1,1,1,1,1,1,1
287,12/1/1951,22.940001,23.77,22.940001,23.77,0,1,1,1,1,1,1,1,1,1,1,1,1
288,1/1/1952,23.799999,24.66,23.74,24.139999,0,1,1,1,1,1,1,1,1,1,1,1,1
289,2/1/1952,24.299999,24.41,23.09,23.26,0,0,0,1,1,1,0,1,1,1,1,1,1
290,3/1/1952,23.280001,24.370001,23.280001,24.370001,0,1,1,1,1,1,1,1,1,1,1,1,1
291,4/1/1952,24.18,24.18,23.32,23.32,0,0,1,0,0,1,1,1,1,1,1,1,1
292,5/1/1952,23.17,23.940001,23.17,23.860001,0,1,0,1,0,1,1,1,1,1,1,1,1
293,6/1/1952,23.799999,24.959999,23.780001,24.959999,0,1,1,1,1,1,1,1,1,1,1,1,1
294,7/1/1952,25.120001,25.4,24.809999,25.4,0,1,1,1,1,1,1,1,1,1,1,1,1
295,8/1/1952,25.450001,25.549999,24.83,25.030001,0,0,1,1,1,1,1,1,1,1,1,1,1
296,9/1/1952,25.15,25.25,24.450001,24.540001,0,0,0,0,1,1,1,1,1,1,1,1,1
297,10/1/1952,24.48,24.58,23.799999,24.52,0,0,0,0,0,1,1,1,1,1,1,1,1
298,11/1/1952,24.6,25.66,24.6,25.66,0,1,1,1,1,1,1,1,1,1,1,1,1
299,12/1/1952,25.68,26.59,25.610001,26.57,0,1,1,1,1,1,1,1,1,1,1,1,1
300,1/1/1953,26.540001,26.66,25.860001,26.379999,0,0,1,1,1,1,1,1,1,1,1,1,1
301,2/1/1953,26.51,26.540001,25.48,25.9,0,0,0,1,1,1,1,1,1,1,1,1,1
302,3/1/1953,25.93,26.33,25.290001,25.290001,0,0,0,0,0,1,1,1,0,1,1,1,1
303,4/1/1953,25.25,25.25,24.190001,24.620001,0,0,0,0,0,0,1,1,0,0,0,1,1
304,5/1/1953,24.73,25.059999,24.459999,24.540001,0,0,0,0,0,0,0,1,1,0,0,0,1
305,6/1/1953,24.15,24.219999,23.540001,24.139999,0,0,0,0,0,0,0,0,0,0,0,0,0
306,7/1/1953,24.24,24.75,24.07,24.75,0,1,1,1,0,0,0,0,0,1,1,0,0
307,8/1/1953,24.84,24.84,23.32,23.32,0,0,0,0,0,0,0,0,0,0,0,0,0
308,9/1/1953,23.42,23.65,22.709999,23.35,0,1,0,0,0,0,0,0,0,0,0,0,0
309,10/1/1953,23.49,24.58,23.389999,24.540001,0,1,1,0,1,1,0,0,0,0,0,0,1
310,11/1/1953,24.66,24.76,24.25,24.76,0,1,1,1,1,1,1,1,0,0,0,0,0
311,12/1/1953,24.780001,24.99,24.549999,24.809999,0,1,1,1,1,1,1,1,1,0,0,0,0
312,1/1/1954,24.950001,26.09,24.799999,26.08,0,1,1,1,1,1,1,1,1,1,1,1,0
313,2/1/1954,25.99,26.299999,25.809999,26.15,0,1,1,1,1,1,1,1,1,1,1,1,1
314,3/1/1954,26.25,26.940001,26.25,26.940001,0,1,1,1,1,1,1,1,1,1,1,1,1
315,4/1/1954,27.17,28.26,27.01,28.26,0,1,1,1,1,1,1,1,1,1,1,1,1
316,5/1/1954,28.209999,29.190001,28.209999,29.190001,0,1,1,1,1,1,1,1,1,1,1,1,1
317,6/1/1954,29.190001,29.43,28.15,29.209999,0,1,1,1,1,1,1,1,1,1,1,1,1
318,7/1/1954,29.209999,30.879999,29.209999,30.879999,0,1,1,1,1,1,1,1,1,1,1,1,1
319,8/1/1954,30.99,31.209999,29.83,29.83,0,0,1,1,1,1,1,1,1,1,1,1,1
320,9/1/1954,30.040001,32.689999,30.040001,32.310001,0,1,1,1,1,1,1,1,1,1,1,1,1
321,10/1/1954,32.290001,32.759998,31.68,31.68,0,0,1,1,1,1,1,1,1,1,1,1,1
322,11/1/1954,31.790001,34.549999,31.790001,34.240002,0,1,1,1,1,1,1,1,1,1,1,1,1
323,12/1/1954,33.990002,35.98,33.990002,35.98,0,1,1,1,1,1,1,1,1,1,1,1,1
324,1/1/1955,36.75,36.75,34.580002,36.630001,0,1,1,1,1,1,1,1,1,1,1,1,1
325,2/1/1955,36.720001,37.150002,36.439999,36.759998,0,1,1,1,1,1,1,1,1,1,1,1,1
326,3/1/1955,36.830002,37.52,34.959999,36.580002,0,0,0,1,1,1,1,1,1,1,1,1,1
327,4/1/1955,36.950001,38.32,36.830002,37.959999,0,1,1,1,1,1,1,1,1,1,1,1,1
328,5/1/1955,38.040001,38.040001,36.970001,37.91,0,0,1,1,1,1,1,1,1,1,1,1,1
329,6/1/1955,37.959999,41.029999,37.959999,41.029999,0,1,1,1,1,1,1,1,1,1,1,1,1
330,7/1/1955,41.189999,43.759998,41.189999,43.52,0,1,1,1,1,1,1,1,1,1,1,1,1
331,8/1/1955,42.93,43.18,41.740002,43.18,0,0,1,1,1,1,1,1,1,1,1,1,1
332,9/1/1955,43.369999,45.630001,42.610001,43.669998,0,1,1,1,1,1,1,1,1,1,1,1,1
333,10/1/1955,42.490002,42.990002,40.799999,42.34,0,0,0,0,1,1,1,1,1,1,1,1,1
334,11/1/1955,42.279999,46.41,42.279999,45.509998,0,1,1,1,1,1,1,1,1,1,1,1,1
335,12/1/1955,45.349998,45.889999,44.950001,45.48,0,0,1,1,1,1,1,1,1,1,1,1,1
336,1/1/1956,45.16,45.16,43.110001,43.82,0,0,0,1,1,1,1,1,1,1,1,1,1
337,2/1/1956,44.029999,45.43,43.419998,45.34,0,1,0,0,1,1,1,1,1,1,1,1,1
338,3/1/1956,45.540001,48.869999,45.540001,48.48,0,1,1,1,1,1,1,1,1,1,1,1,1
339,4/1/1956,48.700001,48.849998,47.09,48.380001,0,0,1,1,1,1,1,1,1,1,1,1,1
340,5/1/1956,48.16,48.509998,44.099998,45.200001,0,0,0,0,1,0,0,1,1,1,1,1,1
341,6/1/1956,45.580002,47.130001,45.139999,46.970001,0,1,0,0,1,1,1,1,1,1,1,1,1
342,7/1/1956,46.93,49.48,46.93,49.389999,0,1,1,1,1,1,1,1,1,1,1,1,1
343,8/1/1956,49.619999,49.639999,46.939999,47.509998,0,0,1,1,0,0,1,1,1,1,1,1,1
344,9/1/1956,47.889999,48.099998,45.349998,45.349998,0,0,0,0,1,0,0,1,1,0,0,1,1
345,10/1/1956,44.700001,47,44.700001,45.580002,0,1,0,0,0,1,0,0,1,1,1,1,1
346,11/1/1956,46.52,47.599998,44.380001,45.080002,0,0,0,0,0,0,0,0,0,0,1,0,0
347,12/1/1956,45.98,47.040001,45.84,46.669998,0,1,1,1,0,0,0,1,0,0,1,1,1
348,1/1/1957,46.200001,46.66,44.400002,44.720001,0,0,0,0,0,0,0,0,0,0,0,0,1
349,2/1/1957,44.619999,44.619999,42.389999,43.259998,0,0,0,0,0,0,0,0,0,0,0,0,0
350,3/1/1957,43.740002,44.23,43.740002,44.110001,0,1,0,0,0,0,0,0,0,0,0,0,0
351,4/1/1957,44.139999,45.740002,44.139999,45.740002,0,1,1,1,0,1,1,1,0,0,0,1,0
352,5/1/1957,46.02,47.43,46.02,47.43,0,1,1,1,1,1,1,1,1,0,0,1,1
353,6/1/1957,47.369999,48.240002,46.779999,47.369999,0,0,1,1,1,1,1,1,1,1,0,0,1
354,7/1/1957,47.43,49.130001,47.43,47.91,0,1,1,1,1,1,1,1,1,1,1,1,0
355,8/1/1957,47.790001,47.790001,43.889999,45.220001,0,0,0,0,0,1,1,1,0,1,0,0,0
356,9/1/1957,45.439999,45.439999,42.419998,42.419998,0,0,0,0,0,0,0,0,0,0,0,0,0
357,10/1/1957,42.759998,43.139999,38.98,41.060001,0,0,0,0,0,0,0,0,0,0,0,0,0
358,11/1/1957,40.439999,41.720001,39.439999,41.720001,0,1,0,0,0,0,0,0,0,0,0,0,0
359,12/1/1957,41.360001,41.540001,39.380001,39.990002,0,0,0,0,0,0,0,0,0,0,0,0,0
360,1/1/1958,40.330002,41.880001,40.330002,41.700001,0,1,0,1,0,0,0,0,0,0,0,0,0
361,2/1/1958,42.040001,42.459999,40.610001,40.84,0,0,1,0,0,0,0,0,0,0,0,0,0
362,3/1/1958,41.130001,42.580002,41.130001,42.099998,0,1,1,1,1,1,0,0,0,0,0,0,0
363,4/1/1958,41.93,43.439999,41.330002,43.439999,0,1,1,1,1,1,1,1,0,0,0,0,0
364,5/1/1958,43.540001,44.09,43.119999,44.09,0,1,1,1,1,1,1,1,1,0,0,0,0
365,6/1/1958,44.310001,45.34,44.310001,45.240002,0,1,1,1,1,1,1,1,1,1,1,0,0
366,7/1/1958,45.279999,47.189999,45.110001,47.189999,0,1,1,1,1,1,1,1,1,1,1,1,0
367,8/1/1958,47.490002,48.16,47.220001,47.75,0,1,1,1,1,1,1,1,1,1,1,1,1
368,9/1/1958,48,50.060001,47.970001,50.060001,0,1,1,1,1,1,1,1,1,1,1,1,1
369,10/1/1958,49.98,51.619999,49.98,51.330002,0,1,1,1,1,1,1,1,1,1,1,1,1
370,11/1/1958,51.560001,53.240002,51.02,52.48,0,1,1,1,1,1,1,1,1,1,1,1,1
371,12/1/1958,52.689999,55.209999,52.459999,55.209999,0,1,1,1,1,1,1,1,1,1,1,1,1
372,1/1/1959,55.439999,56.040001,54.889999,55.450001,0,1,1,1,1,1,1,1,1,1,1,1,1
373,2/1/1959,55.209999,55.52,53.580002,55.41,0,0,1,1,1,1,1,1,1,1,1,1,1
374,3/1/1959,55.73,56.669998,55.439999,55.439999,0,1,0,1,1,1,1,1,1,1,1,1,1
375,4/1/1959,55.689999,58.169998,55.689999,57.59,0,1,1,1,1,1,1,1,1,1,1,1,1
376,5/1/1959,57.650002,58.68,56.880001,58.68,0,1,1,1,1,1,1,1,1,1,1,1,1
377,6/1/1959,58.630001,58.630001,56.360001,58.470001,0,0,1,1,1,1,1,1,1,1,1,1,1
378,7/1/1959,58.970001,60.619999,58.91,60.509998,0,1,1,1,1,1,1,1,1,1,1,1,1
379,8/1/1959,60.709999,60.709999,58.27,59.599998,0,0,1,1,1,1,1,1,1,1,1,1,1
380,9/1/1959,58.869999,58.919998,55.139999,56.880001,0,0,0,0,0,0,1,1,1,1,1,1,1
381,10/1/1959,56.939999,57.52,56,57.52,0,1,0,0,0,0,0,1,1,1,1,1,1
382,11/1/1959,57.41,58.279999,56.220001,58.279999,0,1,1,0,0,0,0,1,1,1,1,1,1
383,12/1/1959,58.700001,59.889999,58.599998,59.889999,0,1,1,1,1,0,1,1,1,1,1,1,1
384,1/1/1960,59.91,60.389999,55.610001,55.610001,0,0,0,0,0,0,0,0,0,0,1,1,1
385,2/1/1960,55.959999,56.82,54.73,56.119999,0,1,0,0,0,0,0,0,0,0,0,1,1
386,3/1/1960,56.009998,56.009998,53.470001,55.34,0,0,0,0,0,0,0,0,0,0,0,0,0
387,4/1/1960,55.43,56.59,54.369999,54.369999,0,0,0,0,0,0,0,0,0,0,0,0,0
388,5/1/1960,54.130001,55.830002,54.130001,55.830002,0,1,1,0,1,0,0,0,0,0,0,0,0
389,6/1/1960,55.889999,58,55.889999,56.919998,0,1,1,1,1,1,0,0,0,1,0,0,0
390,7/1/1960,57.060001,57.380001,54.169998,55.509998,0,0,0,1,1,0,0,0,0,0,0,0,0
391,8/1/1960,55.529999,58.07,54.720001,56.959999,0,1,1,1,1,1,1,1,0,0,0,1,0
392,9/1/1960,57.09,57.09,52.48,53.52,0,0,0,0,0,0,0,0,0,0,0,0,0
393,10/1/1960,53.360001,54.860001,52.200001,53.389999,0,0,0,0,0,0,0,0,0,0,0,0,0
394,11/1/1960,53.939999,56.43,53.939999,55.540001,0,1,1,0,1,0,0,1,1,0,0,0,0
395,12/1/1960,55.299999,58.110001,55.299999,58.110001,0,1,1,1,1,1,1,1,1,1,1,1,0
396,1/1/1961,57.57,61.970001,57.57,61.779999,0,1,1,1,1,1,1,1,1,1,1,1,1
397,2/1/1961,61.900002,63.439999,61.139999,63.439999,0,1,1,1,1,1,1,1,1,1,1,1,1
398,3/1/1961,63.43,65.059998,63.380001,65.059998,0,1,1,1,1,1,1,1,1,1,1,1,1
399,4/1/1961,65.599998,68.68,64.400002,65.309998,0,1,1,1,1,1,1,1,1,1,1,1,1
400,5/1/1961,65.169998,67.389999,65.169998,66.559998,0,1,1,1,1,1,1,1,1,1,1,1,1
401,6/1/1961,66.559998,67.080002,64.470001,64.639999,0,0,0,0,1,1,1,1,1,1,1,1,1
402,7/1/1961,65.209999,66.760002,64.410004,66.760002,0,1,1,1,1,1,1,1,1,1,1,1,1
403,8/1/1961,67.370003,68.440002,66.940002,68.07,0,1,1,1,1,1,1,1,1,1,1,1,1
404,9/1/1961,68.190002,68.459999,65.769997,66.730003,0,0,0,1,1,1,1,1,1,1,1,1,1
405,10/1/1961,66.769997,68.620003,66.730003,68.620003,0,1,1,1,1,1,1,1,1,1,1,1,1
406,11/1/1961,68.730003,71.849998,68.730003,71.32,0,1,1,1,1,1,1,1,1,1,1,1,1
407,12/1/1961,71.779999,72.639999,70.860001,71.550003,0,1,1,1,1,1,1,1,1,1,1,1,1
408,1/1/1962,71.550003,71.959999,67.550003,68.839996,0,0,0,1,1,1,1,1,1,1,1,1,1
409,2/1/1962,68.839996,71.129997,68.559998,69.959999,0,1,0,0,1,1,1,1,1,1,1,1,1
410,3/1/1962,69.959999,71.440002,69.160004,69.550003,0,0,1,0,0,1,1,1,1,1,1,1,1
411,4/1/1962,69.550003,69.82,64.949997,65.239998,0,0,0,0,0,0,0,0,0,0,1,0,0
412,5/1/1962,65.239998,66.93,53.130001,59.630001,0,0,0,0,0,0,0,0,0,0,0,0,0
413,6/1/1962,59.630001,59.959999,51.349998,54.75,0,0,0,0,0,0,0,0,0,0,0,0,0
414,7/1/1962,54.75,58.669998,54.470001,58.23,0,1,0,0,0,0,0,0,0,0,0,0,0
415,8/1/1962,58.23,60.330002,56.759998,59.119999,0,1,1,0,0,0,0,0,0,0,0,0,0
416,9/1/1962,59.119999,59.540001,55.529999,56.27,0,0,0,1,0,0,0,0,0,0,0,0,0
417,10/1/1962,56.27,57.830002,52.549999,56.52,0,1,0,0,1,0,0,0,0,0,0,0,0
418,11/1/1962,56.52,62.779999,55.900002,62.259998,0,1,1,1,1,1,1,0,0,0,0,0,0
419,12/1/1962,62.259998,63.5,61.279999,63.099998,0,1,1,1,1,1,1,1,0,0,0,0,0
420,1/1/1963,63.099998,66.589996,62.32,66.199997,0,1,1,1,1,1,1,1,1,1,0,0,0
421,2/1/1963,66.309998,66.959999,64.080002,64.290001,0,0,1,1,1,1,1,1,1,1,0,0,0
422,3/1/1963,64.290001,67.010002,63.799999,66.57,0,1,1,1,1,1,1,1,1,1,1,1,0
423,4/1/1963,66.57,70.18,66.230003,69.800003,0,1,1,1,1,1,1,1,1,1,1,1,1
424,5/1/1963,69.800003,71.139999,69.029999,70.800003,0,1,1,1,1,1,1,1,1,1,1,1,1
425,6/1/1963,70.800003,71.239998,68.779999,69.370003,0,0,0,1,1,1,1,1,1,1,1,1,1
426,7/1/1963,69.370003,70.480003,67.540001,69.129997,0,0,0,0,1,1,1,1,1,1,1,1,1
427,8/1/1963,69.129997,72.709999,68.639999,72.5,0,1,1,1,1,1,1,1,1,1,1,1,1
428,9/1/1963,72.5,73.870003,71.279999,71.699997,0,0,1,1,1,1,1,1,1,1,1,1,1
429,10/1/1963,71.699997,75.18,71.57,74.010002,0,1,1,1,1,1,1,1,1,1,1,1,1
430,11/1/1963,74.010002,74.440002,69.480003,73.230003,0,0,1,1,1,1,1,1,1,1,1,1,1
431,12/1/1963,73.230003,75.360001,73.019997,75.019997,0,1,1,1,1,1,1,1,1,1,1,1,1
432,1/1/1964,75.019997,77.779999,74.82,77.040001,0,1,1,1,1,1,1,1,1,1,1,1,1
433,2/1/1964,77.040001,78.309998,76.360001,77.800003,0,1,1,1,1,1,1,1,1,1,1,1,1
434,3/1/1964,77.800003,79.889999,77.5,78.980003,0,1,1,1,1,1,1,1,1,1,1,1,1
435,4/1/1964,78.980003,81.199997,78.669998,79.459999,0,1,1,1,1,1,1,1,1,1,1,1,1
436,5/1/1964,79.459999,81.809998,79.459999,80.370003,0,1,1,1,1,1,1,1,1,1,1,1,1
437,6/1/1964,80.370003,82.099998,78.150002,81.690002,0,1,1,1,1,1,1,1,1,1,1,1,1
438,7/1/1964,81.690002,84.330002,81.459999,83.18,0,1,1,1,1,1,1,1,1,1,1,1,1
439,8/1/1964,83.18,83.489998,80.800003,81.830002,0,0,1,1,1,1,1,1,1,1,1,1,1
440,9/1/1964,81.830002,84.800003,81.57,84.18,0,1,1,1,1,1,1,1,1,1,1,1,1
441,10/1/1964,84.18,85.699997,83.650002,84.860001,0,1,1,1,1,1,1,1,1,1,1,1,1
442,11/1/1964,84.860001,86.800003,84.099998,84.419998,0,0,1,1,1,1,1,1,1,1,1,1,1
443,12/1/1964,84.419998,85.18,82.650002,84.75,0,1,0,1,1,1,1,1,1,1,1,1,1
444,1/1/1965,84.75,88.190002,83.769997,87.559998,0,1,1,1,1,1,1,1,1,1,1,1,1
445,2/1/1965,87.559998,88.059998,85.25,87.43,0,0,1,1,1,1,1,1,1,1,1,1,1
446,3/1/1965,87.43,87.93,85.650002,86.160004,0,0,0,1,1,1,1,1,1,1,1,1,1
447,4/1/1965,86.160004,89.639999,85.870003,89.110001,0,1,1,1,1,1,1,1,1,1,1,1,1
448,5/1/1965,89.110001,90.68,87.239998,88.419998,0,0,1,1,1,1,1,1,1,1,1,1,1
449,6/1/1965,88.419998,88.800003,80.730003,84.120003,0,0,0,0,0,0,0,0,0,0,1,1,1
450,7/1/1965,84.120003,86.470001,83.300003,85.25,0,1,0,0,0,0,0,1,1,1,1,1,1
451,8/1/1965,85.25,87.790001,84.800003,87.169998,0,1,1,0,0,1,0,0,1,1,1,1,1
452,9/1/1965,87.169998,91.129997,86.690002,89.959999,0,1,1,1,1,1,1,1,1,1,1,1,1
453,10/1/1965,89.959999,93.190002,89.300003,92.419998,0,1,1,1,1,1,1,1,1,1,1,1,1
454,11/1/1965,92.419998,93.300003,90.809998,91.610001,0,0,1,1,1,1,1,1,1,1,1,1,1
455,12/1/1965,91.610001,93.07,89.199997,92.43,0,1,1,1,1,1,1,1,1,1,1,1,1
456,1/1/1966,92.43,94.639999,91.629997,92.879997,0,1,1,1,1,1,1,1,1,1,1,1,1
457,2/1/1966,92.879997,94.720001,90.43,91.220001,0,0,0,0,0,1,1,1,1,1,1,1,1
458,3/1/1966,91.220001,91.650002,86.690002,89.230003,0,0,0,0,0,0,0,1,1,1,1,1,1
459,4/1/1966,89.230003,93.019997,88.959999,91.059998,0,1,0,0,0,0,0,1,1,1,1,1,1
460,5/1/1966,91.059998,91.75,83.18,86.129997,0,0,0,0,0,0,0,0,0,0,1,1,0
461,6/1/1966,86.129997,87.739998,83.75,84.739998,0,0,0,0,0,0,0,0,0,0,0,0,1
462,7/1/1966,84.739998,88.190002,83.050003,83.599998,0,0,0,0,0,0,0,0,0,0,0,0,0
463,8/1/1966,83.5,84.699997,73.910004,77.099998,0,0,0,0,0,0,0,0,0,0,0,0,0
464,9/1/1966,77.099998,80.809998,75.029999,76.559998,0,0,0,0,0,0,0,0,0,0,0,0,0
465,10/1/1966,76.559998,80.910004,72.279999,80.199997,0,1,1,0,0,0,0,0,0,0,0,0,0
466,11/1/1966,80.199997,83.010002,78.889999,80.449997,0,1,1,1,0,0,0,0,0,0,0,0,0
467,12/1/1966,80.449997,83.879997,79.489998,80.330002,0,0,1,1,1,0,0,0,0,0,0,0,0
468,1/1/1967,80.330002,88.169998,79.43,86.610001,0,1,1,1,1,1,1,1,1,0,0,0,0
469,2/1/1967,86.610001,89,85.610001,86.779999,0,1,1,1,1,1,1,1,1,1,0,0,0
470,3/1/1967,86.779999,91.720001,86.669998,90.199997,0,1,1,1,1,1,1,1,1,1,1,0,1
471,4/1/1967,90.199997,94.769997,87.860001,94.010002,0,1,1,1,1,1,1,1,1,1,1,1,1
472,5/1/1967,94.010002,95.25,88.709999,89.080002,0,0,0,1,1,1,1,1,1,1,1,1,1
473,6/1/1967,89.080002,93.279999,87.190002,90.639999,0,1,0,1,1,1,1,1,1,1,1,1,1
474,7/1/1967,90.639999,95.510002,90.120003,94.75,0,1,1,1,1,1,1,1,1,1,1,1,1
475,8/1/1967,94.75,96.669998,92.010002,93.639999,0,0,1,1,0,1,1,1,1,1,1,1,1
476,9/1/1967,93.639999,98.309998,93,96.709999,0,1,1,1,1,1,1,1,1,1,1,1,1
477,10/1/1967,96.709999,98.25,93.290001,93.300003,0,0,0,0,1,1,0,1,1,1,1,1,1
478,11/1/1967,93.300003,95.510002,90.089996,94,0,1,0,1,0,1,1,0,1,1,1,1,1
479,12/1/1967,94,96.900002,93.410004,96.470001,0,1,1,0,1,1,1,1,1,1,1,1,1
480,1/1/1968,96.470001,97.839996,91.269997,92.239998,0,0,0,0,0,0,0,1,1,0,1,1,1
481,2/1/1968,92.239998,93.440002,86.730003,89.360001,0,0,0,0,0,0,0,0,0,1,0,0,1
482,3/1/1968,89.360001,91.089996,86.989998,90.199997,0,1,0,0,0,0,0,0,0,0,1,0,1
483,4/1/1968,91.110001,98.610001,91.110001,97.459999,0,1,1,1,1,1,1,1,1,1,1,1,1
484,5/1/1968,97.459999,100.190002,95.800003,98.68,0,1,1,1,1,1,1,1,1,1,1,1,1
485,6/1/1968,98.720001,102.839996,98.720001,99.580002,0,1,1,1,1,1,1,1,1,1,1,1,1
486,7/1/1968,99.580002,103.669998,96.839996,97.739998,0,0,0,1,1,1,1,1,1,1,1,1,1
487,8/1/1968,97.739998,99.669998,95.790001,98.860001,0,1,0,1,1,1,1,1,1,1,1,1,1
488,9/1/1968,98.860001,103.629997,98.309998,102.669998,0,1,1,1,1,1,1,1,1,1,1,1,1
489,10/1/1968,102.669998,105.779999,101.800003,103.410004,0,1,1,1,1,1,1,1,1,1,1,1,1
490,11/1/1968,103.410004,109.089996,101.849998,108.370003,0,1,1,1,1,1,1,1,1,1,1,1,1
491,12/1/1968,108.370003,109.370003,102.980003,103.860001,0,0,1,1,1,1,1,1,1,1,1,1,1
492,1/1/1969,103.860001,104.870003,96.629997,103.010002,0,0,0,0,1,1,1,1,1,1,1,1,1
493,2/1/1969,103.010002,104.610001,97.360001,98.129997,0,0,0,0,0,0,0,1,0,0,1,1,1
494,3/1/1969,98.129997,102.349998,97.059998,101.510002,0,1,0,0,0,0,0,1,1,1,1,1,1
495,4/1/1969,101.510002,104.559998,99.080002,103.690002,0,1,1,1,0,0,1,1,1,1,1,1,1
496,5/1/1969,103.690002,106.739998,102.290001,103.459999,0,0,1,1,1,0,0,1,1,1,1,1,1
497,6/1/1969,103.459999,103.75,95.209999,97.709999,0,0,0,0,0,0,0,0,0,0,0,0,0
498,7/1/1969,97.709999,100.330002,88.040001,91.830002,0,0,0,0,0,0,0,0,0,0,0,0,0
499,8/1/1969,91.919998,96.43,91.480003,95.510002,0,1,0,0,0,0,0,0,0,0,0,0,0
500,9/1/1969,95.510002,96.620003,91.769997,93.120003,0,0,1,0,0,0,0,0,0,0,0,0,0
501,10/1/1969,93.120003,98.830002,91.660004,97.120003,0,1,1,1,0,0,0,0,0,0,0,0,0
502,11/1/1969,97.120003,99.230003,92.239998,93.809998,0,0,1,0,1,0,0,0,0,0,0,0,0
503,12/1/1969,93.809998,94.470001,88.620003,92.059998,0,0,0,0,0,1,0,0,0,0,0,0,0
504,1/1/1970,92.059998,94.25,84.419998,85.019997,0,0,0,0,0,0,0,0,0,0,0,0,0
505,2/1/1970,85.019997,90.330002,84.639999,89.5,0,1,0,0,0,0,0,0,0,0,0,0,0
506,3/1/1970,89.5,91.07,86.190002,89.629997,0,1,1,0,0,0,0,0,0,0,0,0,0
507,4/1/1970,89.629997,90.699997,79.309998,81.519997,0,0,0,0,0,0,0,0,0,0,0,0,0
508,5/1/1970,81.519997,82.32,68.610001,76.550003,0,0,0,0,0,0,0,0,0,0,0,0,0
509,6/1/1970,76.550003,79.959999,72.25,72.720001,0,0,0,0,0,0,0,0,0,0,0,0,0
510,7/1/1970,72.720001,79.029999,70.690002,78.050003,0,1,1,0,0,0,0,0,0,0,0,0,0
511,8/1/1970,78.050003,82.470001,74.129997,81.519997,0,1,1,1,1,0,0,0,0,0,0,0,0
512,9/1/1970,81.519997,84.989998,79.949997,84.300003,0,1,1,1,1,1,0,0,0,0,0,0,0
513,10/1/1970,84.300003,87.75,82.290001,83.25,0,0,1,1,1,1,1,0,0,0,0,0,0
514,11/1/1970,83.25,87.599998,82.230003,87.199997,0,1,1,1,1,1,1,1,0,0,1,0,0
515,12/1/1970,87.199997,92.989998,86.110001,92.150002,0,1,1,1,1,1,1,1,1,1,1,1,1
516,1/1/1971,92.150002,96.489998,90.639999,95.879997,0,1,1,1,1,1,1,1,1,1,1,1,1
517,2/1/1971,95.879997,99.589996,94.919998,96.75,0,1,1,1,1,1,1,1,1,1,1,1,1
518,3/1/1971,96.75,102.029999,96.110001,100.309998,0,1,1,1,1,1,1,1,1,1,1,1,1
519,4/1/1971,100.309998,105.599998,99.629997,103.949997,0,1,1,1,1,1,1,1,1,1,1,1,1
520,5/1/1971,103.949997,104.419998,98.68,99.629997,0,0,0,1,1,1,1,1,1,1,1,1,1
521,6/1/1971,99.629997,102.07,96.919998,98.699997,0,0,0,0,1,1,1,1,1,1,1,1,1
522,7/1/1971,99.160004,101.519997,95.080002,95.580002,0,0,0,0,0,0,0,1,1,1,1,1,1
523,8/1/1971,95.580002,101.510002,92.809998,99.029999,0,1,1,0,0,0,1,1,1,1,1,1,1
524,9/1/1971,99.029999,102.25,96.970001,98.339996,0,0,1,0,0,0,0,1,1,1,1,1,1
525,10/1/1971,98.339996,100.959999,92.959999,94.230003,0,0,0,0,0,0,0,0,0,0,1,1,1
526,11/1/1971,94.230003,96.080002,89.339996,93.989998,0,0,0,0,0,0,0,0,0,0,0,1,1
527,12/1/1971,93.989998,102.209999,93.949997,102.089996,0,1,1,1,1,1,1,1,0,1,1,1,1
528,1/1/1972,102.089996,105,100.870003,103.940002,0,1,1,1,1,1,1,1,1,0,1,1,1
529,2/1/1972,103.940002,107.160004,103.099998,106.57,0,1,1,1,1,1,1,1,1,1,1,1,1
530,3/1/1972,106.57,109.75,105.860001,107.199997,0,1,1,1,1,1,1,1,1,1,1,1,1
531,4/1/1972,107.199997,111.110001,106.18,107.669998,0,1,1,1,1,1,1,1,1,1,1,1,1
532,5/1/1972,107.669998,111.480003,103.830002,109.529999,0,1,1,1,1,1,1,1,1,1,1,1,1
533,6/1/1972,109.529999,110.510002,105.940002,107.139999,0,0,0,0,1,1,1,1,1,1,1,1,1
534,7/1/1972,107.139999,110.269997,104.43,107.389999,0,1,0,0,1,1,1,1,1,1,1,1,1
535,8/1/1972,107.389999,113.449997,107.059998,111.089996,0,1,1,1,1,1,1,1,1,1,1,1,1
536,9/1/1972,111.089996,112.120003,107.349998,110.550003,0,0,1,1,1,1,1,1,1,1,1,1,1
537,10/1/1972,110.550003,112.260002,106.269997,111.580002,0,1,1,1,1,1,1,1,1,1,1,1,1
538,11/1/1972,111.580002,117.910004,111.32,116.669998,0,1,1,1,1,1,1,1,1,1,1,1,1
539,12/1/1972,116.669998,119.790001,114.629997,118.050003,0,1,1,1,1,1,1,1,1,1,1,1,1
540,1/1/1973,118.059998,121.739998,114.970001,116.029999,0,0,0,1,1,1,1,1,1,1,1,1,1
541,2/1/1973,116.029999,118.980003,109.800003,111.68,0,0,0,0,1,1,1,1,1,1,1,1,1
542,3/1/1973,111.68,115.610001,107.410004,111.519997,0,0,0,0,0,0,1,1,1,1,1,1,1
543,4/1/1973,111.519997,113.650002,105.440002,106.970001,0,0,0,0,0,0,0,0,0,0,0,0,0
544,5/1/1973,106.970001,112.25,101.360001,104.949997,0,0,0,0,0,0,0,0,0,0,0,0,0
545,6/1/1973,104.949997,109.519997,101.449997,104.260002,0,0,0,0,0,0,0,0,0,0,0,0,0
546,7/1/1973,104.099998,111.040001,100.440002,108.220001,0,1,1,1,0,0,0,0,0,0,0,0,1
547,8/1/1973,108.169998,108.169998,99.739998,104.25,0,0,0,0,0,0,0,0,0,0,0,0,0
548,9/1/1973,104.25,110.449997,102.129997,108.43,0,1,1,1,1,1,0,0,0,0,0,0,0
549,10/1/1973,108.43,112.82,107.080002,108.290001,0,0,1,1,1,1,1,0,0,0,0,0,0
550,11/1/1973,108.290001,109.199997,94.879997,95.959999,0,0,0,0,0,0,0,0,0,0,0,0,0
551,12/1/1973,95.830002,99.089996,91.050003,97.550003,0,1,0,0,0,0,0,0,0,0,0,0,0
552,1/1/1974,97.550003,100.940002,91.620003,96.57,0,0,1,0,0,0,0,0,0,0,0,0,0
553,2/1/1974,96.57,97.43,89.529999,96.220001,0,0,0,1,0,0,0,0,0,0,0,0,0
554,3/1/1974,96.220001,101.050003,93.440002,93.980003,0,0,0,0,0,0,0,0,0,0,0,0,0
555,4/1/1974,93.980003,95.419998,88.620003,90.309998,0,0,0,0,0,0,0,0,0,0,0,0,0
556,5/1/1974,90.309998,93.589996,85.870003,87.279999,0,0,0,0,0,0,0,0,0,0,0,0,0
557,6/1/1974,87.279999,93.760002,85.129997,86,0,0,0,0,0,0,0,0,0,0,0,0,0
558,7/1/1974,86,86.889999,78.959999,79.309998,0,0,0,0,0,0,0,0,0,0,0,0,0
559,8/1/1974,79.309998,83.529999,69.370003,72.150002,0,0,0,0,0,0,0,0,0,0,0,0,0
560,9/1/1974,72.150002,73.010002,62.52,63.540001,0,0,0,0,0,0,0,0,0,0,0,0,0
561,10/1/1974,63.540001,75.900002,60.959999,73.900002,0,1,1,0,0,0,0,0,0,0,0,0,0
562,11/1/1974,73.900002,77.410004,66.849998,69.970001,0,0,1,0,0,0,0,0,0,0,0,0,0
563,12/1/1974,69.800003,69.800003,64.129997,68.559998,0,0,0,1,0,0,0,0,0,0,0,0,0
564,1/1/1975,68.650002,78.690002,68.650002,76.980003,0,1,1,1,1,1,0,0,0,0,0,0,0
565,2/1/1975,76.980003,83.559998,76,81.589996,0,1,1,1,1,1,1,1,0,0,0,0,0
566,3/1/1975,81.589996,87.080002,80.080002,83.360001,0,1,1,1,1,1,1,1,1,0,0,0,0
567,4/1/1975,83.360001,88.790001,79.660004,87.300003,0,1,1,1,1,1,1,1,1,1,1,1,0
568,5/1/1975,87.300003,93.510002,86.940002,91.150002,0,1,1,1,1,1,1,1,1,1,1,1,1
569,6/1/1975,91.32,95.849998,89.300003,95.190002,0,1,1,1,1,1,1,1,1,1,1,1,1
570,7/1/1975,95.190002,96.580002,87.68,88.75,0,0,0,1,1,1,1,1,1,1,1,1,1
571,8/1/1975,88.75,89.040001,82.209999,86.879997,0,0,0,0,0,1,1,1,1,1,1,1,1
572,9/1/1975,86.879997,87.419998,81.57,83.870003,0,0,0,0,0,0,1,1,1,1,1,1,1
573,10/1/1975,83.870003,91.75,82.57,89.040001,0,1,1,1,0,0,1,1,1,1,1,1,1
574,11/1/1975,89.040001,92.330002,87.629997,91.239998,0,1,1,1,1,0,1,1,1,1,1,1,1
575,12/1/1975,91.239998,91.900002,86.150002,90.190002,0,0,1,1,1,1,0,0,1,1,1,1,1
576,1/1/1976,90.190002,101.989998,89.809998,100.860001,0,1,1,1,1,1,1,1,1,1,1,1,1
577,2/1/1976,100.860001,103.07,98.5,99.709999,0,0,1,1,1,1,1,1,1,1,1,1,1
578,3/1/1976,99.709999,104.389999,98.230003,102.769997,0,1,1,1,1,1,1,1,1,1,1,1,1
579,4/1/1976,102.769997,104.629997,99.57,101.639999,0,0,1,1,1,1,1,1,1,1,1,1,1
580,5/1/1976,101.639999,103.989998,98.260002,100.18,0,0,0,1,0,1,1,1,1,1,1,1,1
581,6/1/1976,100.18,105.07,97.970001,104.279999,0,1,1,1,1,1,1,1,1,1,1,1,1
582,7/1/1976,104.279999,106.779999,102.309998,103.440002,0,0,1,1,1,1,1,1,1,1,1,1,1
583,8/1/1976,103.440002,105.410004,100.43,102.910004,0,0,0,1,1,1,1,1,1,1,1,1,1
584,9/1/1976,102.910004,108.720001,102.599998,105.239998,0,1,1,1,1,1,1,1,1,1,1,1,1
585,10/1/1976,105.239998,105.75,99.209999,102.900002,0,0,0,0,0,1,1,1,1,1,1,1,1
586,11/1/1976,102.900002,103.779999,98.18,102.099998,0,0,0,0,0,0,1,1,0,1,1,1,1
587,12/1/1976,102.099998,107.82,101.620003,107.459999,0,1,1,1,1,1,1,1,1,1,1,1,1
588,1/1/1977,107.459999,107.970001,100.910004,102.029999,0,0,0,0,0,0,0,0,1,1,0,1,1
589,2/1/1977,102.029999,103.32,98.82,99.82,0,0,0,0,0,0,0,0,0,0,0,0,1
590,3/1/1977,99.82,102.699997,97.800003,98.419998,0,0,0,0,0,0,0,0,0,0,0,0,0
591,4/1/1977,98.419998,102.07,96.529999,98.440002,0,1,0,0,0,0,0,0,0,0,0,0,0
592,5/1/1977,98.440002,100.93,95.519997,96.120003,0,0,0,0,0,0,0,0,0,0,0,0,0
593,6/1/1977,96.120003,101.650002,95.889999,100.480003,0,1,1,1,1,0,0,0,0,0,0,0,0
594,7/1/1977,100.480003,102.57,97.709999,98.849998,0,0,1,1,1,0,0,0,0,0,0,0,0
595,8/1/1977,98.849998,99.839996,95.040001,96.769997,0,0,0,1,0,0,0,0,0,0,0,0,0
596,9/1/1977,96.769997,98.43,94.440002,96.529999,0,0,0,0,1,0,0,0,0,0,0,0,0
597,10/1/1977,96.529999,97.269997,90.199997,92.339996,0,0,0,0,0,0,0,0,0,0,0,0,0
598,11/1/1977,92.190002,97.110001,90.010002,94.830002,0,1,0,0,0,0,0,0,0,0,0,0,0
599,12/1/1977,94.830002,95.669998,91.760002,95.099998,0,1,1,0,0,0,0,0,0,0,0,0,0
600,1/1/1978,95.099998,95.150002,88.019997,89.25,0,0,0,0,0,0,0,0,0,0,0,0,0
601,2/1/1978,89.25,91.32,86.580002,87.040001,0,0,0,0,0,0,0,0,0,0,0,0,0
602,3/1/1978,87.040001,91.349998,86.449997,89.209999,0,1,0,0,0,0,0,0,0,0,0,0,0
603,4/1/1978,89.199997,97.910004,88.07,96.830002,0,1,1,1,1,1,1,1,1,0,0,1,0
604,5/1/1978,96.830002,100.32,94.57,97.239998,0,1,1,1,1,1,1,1,1,1,0,0,1
605,6/1/1978,97.239998,101.839996,93.989998,95.529999,0,0,0,1,1,1,1,1,1,0,0,0,0
606,7/1/1978,95.529999,101.18,93.589996,100.68,0,1,1,1,1,1,1,1,1,1,1,1,1
607,8/1/1978,100.68,106.269997,99.949997,103.290001,0,1,1,1,1,1,1,1,1,1,1,1,1
608,9/1/1978,103.290001,108.050003,100.660004,102.540001,0,0,1,1,1,1,1,1,1,1,1,1,1
609,10/1/1978,102.540001,106.230003,91.650002,93.150002,0,0,0,0,0,0,0,1,1,1,0,0,1
610,11/1/1978,94.129997,97.410004,91.769997,94.699997,0,1,0,0,0,0,0,0,1,1,1,0,0
611,12/1/1978,95.010002,98.580002,92.639999,96.110001,0,1,1,0,0,0,1,0,0,1,1,1,1
612,1/1/1979,96.110001,102.589996,95.220001,99.93,0,1,1,1,0,0,0,1,1,1,1,1,1
613,2/1/1979,99.93,100.519997,95.379997,96.279999,0,0,1,1,1,0,0,0,1,0,0,1,1
614,3/1/1979,96.279999,103.309998,95.980003,101.589996,0,1,1,1,1,1,0,0,1,1,1,1,1
615,4/1/1979,101.559998,103.949997,100.139999,101.760002,0,1,1,1,1,1,1,0,0,1,1,1,1
616,5/1/1979,101.760002,102.57,97.489998,99.080002,0,0,0,1,0,1,1,1,0,0,0,1,1
617,6/1/1979,99.080002,103.669998,98.57,102.910004,0,1,1,1,1,1,1,1,1,1,0,1,1
618,7/1/1979,102.910004,105.169998,100.349998,103.809998,0,1,1,1,1,1,1,1,1,1,1,1,1
619,8/1/1979,103.809998,109.839996,103.139999,109.32,0,1,1,1,1,1,1,1,1,1,1,1,1
620,9/1/1979,109.32,111.580002,105.379997,109.32,0,1,1,1,1,1,1,1,1,1,1,1,1
621,10/1/1979,109.190002,112.160004,99.059998,101.82,0,0,0,0,0,1,1,1,1,1,1,1,1
622,11/1/1979,101.82,107.889999,99.419998,106.160004,0,1,0,0,1,1,1,1,1,1,1,1,1
623,12/1/1979,106.160004,110.330002,105.07,107.940002,0,1,1,0,0,1,1,1,1,1,1,1,1
624,1/1/1980,107.940002,117.169998,103.260002,114.160004,0,1,1,1,1,1,1,1,1,1,1,1,1
625,2/1/1980,114.160004,120.220001,111.330002,113.660004,0,0,1,1,1,1,1,1,1,1,1,1,1
626,3/1/1980,113.660004,114.339996,94.230003,102.089996,0,0,0,0,0,1,0,0,0,0,1,1,1
627,4/1/1980,102.089996,106.790001,98.949997,106.290001,0,1,0,0,0,1,1,0,0,1,1,1,1
628,5/1/1980,106.290001,112.720001,103.5,111.239998,0,1,1,0,0,1,1,1,1,1,1,1,1
629,6/1/1980,111.239998,117.980003,109.769997,114.239998,0,1,1,1,1,1,1,1,1,1,1,1,1
630,7/1/1980,114.239998,123.93,113.540001,121.669998,0,1,1,1,1,1,1,1,1,1,1,1,1
631,8/1/1980,121.669998,127.779999,119.419998,122.379997,0,1,1,1,1,1,1,1,1,1,1,1,1
632,9/1/1980,122.379997,132.169998,121.790001,125.459999,0,1,1,1,1,1,1,1,1,1,1,1,1
633,10/1/1980,125.459999,135.880005,124.660004,127.470001,0,1,1,1,1,1,1,1,1,1,1,1,1
634,11/1/1980,127.470001,141.960007,127.230003,140.520004,0,1,1,1,1,1,1,1,1,1,1,1,1
635,12/1/1980,140.520004,140.660004,125.32,135.759995,0,0,1,1,1,1,1,1,1,1,1,1,1
636,1/1/1981,135.759995,140.320007,128.570007,129.550003,0,0,0,1,1,1,1,1,1,1,1,1,1
637,2/1/1981,129.479996,132.020004,124.660004,131.270004,0,1,0,0,1,1,1,1,1,1,1,1,1
638,3/1/1981,131.270004,138.380005,128.559998,136,0,1,1,1,0,1,1,1,1,1,1,1,1
639,4/1/1981,136,137.720001,131.580002,132.809998,0,0,1,1,0,0,1,1,1,1,1,1,1
640,5/1/1981,132.809998,134.919998,128.779999,132.589996,0,0,0,1,1,0,0,1,1,1,1,1,1
641,6/1/1981,132.589996,135.669998,128.770004,131.210007,0,0,0,0,0,1,0,0,1,1,1,1,1
642,7/1/1981,131.210007,131.779999,125.959999,130.919998,0,0,0,0,0,0,1,0,0,1,1,1,1
643,8/1/1981,130.919998,135.179993,122.290001,122.790001,0,0,0,0,0,0,0,0,0,0,0,0,1
644,9/1/1981,122.790001,124.580002,110.190002,116.18,0,0,0,0,0,0,0,0,0,0,0,0,0
645,10/1/1981,116.18,123.279999,115,121.889999,0,1,0,0,0,0,0,0,0,0,0,0,0
646,11/1/1981,122.349998,126.970001,119.129997,126.349998,0,1,1,1,0,0,0,0,0,0,0,0,0
647,12/1/1981,126.349998,127.32,121.040001,122.550003,0,0,1,1,0,0,0,0,0,0,0,0,0
648,1/1/1982,122.550003,123.720001,113.629997,120.400002,0,0,0,0,1,0,0,0,0,0,0,0,0
649,2/1/1982,119.809998,119.809998,110.029999,113.110001,0,0,0,0,0,0,0,0,0,0,0,0,0
650,3/1/1982,113.110001,114.800003,104.459999,111.959999,0,0,0,0,0,0,0,0,0,0,0,0,0
651,4/1/1982,111.959999,119.330002,111.480003,116.440002,0,1,1,0,0,0,0,1,0,0,0,0,0
652,5/1/1982,115.959999,119.919998,111.660004,111.879997,0,0,0,0,0,0,0,0,0,0,0,0,0
653,6/1/1982,111.970001,112.480003,107.010002,109.610001,0,0,0,0,0,0,0,0,0,0,0,0,0
654,7/1/1982,109.519997,112.389999,105.57,107.089996,0,0,0,0,0,0,0,0,0,0,0,0,0
655,8/1/1982,107.709999,120.260002,102.199997,119.510002,0,1,1,1,1,1,1,0,0,0,0,1,0
656,9/1/1982,119.519997,126.43,117.839996,120.419998,0,1,1,1,1,1,1,1,1,0,0,0,1
657,10/1/1982,120.400002,140.399994,120.150002,133.720001,0,1,1,1,1,1,1,1,1,1,1,1,1
658,11/1/1982,133.720001,144.360001,132.889999,138.529999,0,1,1,1,1,1,1,1,1,1,1,1,1
659,12/1/1982,138.559998,143.679993,134.789993,140.639999,0,1,1,1,1,1,1,1,1,1,1,1,1
660,1/1/1983,140.649994,148.360001,138.080002,145.300003,0,1,1,1,1,1,1,1,1,1,1,1,1
661,2/1/1983,145.289993,150.880005,141.899994,148.059998,0,1,1,1,1,1,1,1,1,1,1,1,1
662,3/1/1983,148.070007,155.020004,148.070007,152.960007,0,1,1,1,1,1,1,1,1,1,1,1,1
663,4/1/1983,152.919998,164.429993,150.169998,164.429993,0,1,1,1,1,1,1,1,1,1,1,1,1
664,5/1/1983,164.410004,166.990005,160.289993,162.389999,0,0,1,1,1,1,1,1,1,1,1,1,1
665,6/1/1983,162.380005,171.600006,160.800003,167.639999,0,1,1,1,1,1,1,1,1,1,1,1,1
666,7/1/1983,168.110001,170.720001,161.5,162.559998,0,0,1,0,1,1,1,1,1,1,1,1,1
667,8/1/1983,162.339996,165.910004,158.5,164.399994,0,1,0,1,0,1,1,1,1,1,1,1,1
668,9/1/1983,164.399994,170.410004,163.949997,166.070007,0,1,1,0,1,1,1,1,1,1,1,1,1
669,10/1/1983,165.990005,172.649994,162.860001,163.550003,0,0,0,1,0,1,0,1,1,1,1,1,1
670,11/1/1983,163.550003,168.070007,161.630005,166.399994,0,1,1,1,1,0,1,1,1,1,1,1,1
671,12/1/1983,166.369995,166.770004,161.580002,164.929993,0,0,1,0,1,1,0,1,1,1,1,1,1
672,1/1/1984,164.929993,169.539993,162.029999,163.410004,0,0,0,0,0,0,1,0,1,0,1,1,1
673,2/1/1984,163.410004,164,152.130005,157.059998,0,0,0,0,0,0,0,0,0,0,0,1,1
674,3/1/1984,157.059998,160.460007,153.770004,159.179993,0,1,0,0,0,0,0,0,0,0,0,0,1
675,4/1/1984,159.179993,160.690002,154.119995,160.050003,0,1,1,0,0,0,0,0,0,0,0,0,0
676,5/1/1984,160.050003,162.110001,148.679993,150.550003,0,0,0,0,0,0,0,0,0,0,0,0,0
677,6/1/1984,150.550003,155.639999,148.529999,153.179993,0,1,0,0,0,0,0,0,0,0,0,0,0
678,7/1/1984,153.160004,153.869995,147.259995,150.660004,0,0,1,0,0,0,0,0,0,0,0,0,0
679,8/1/1984,150.660004,168.800003,150.660004,166.679993,0,1,1,1,1,1,1,1,1,1,1,1,1
680,9/1/1984,166.679993,169.649994,163.059998,166.100006,0,0,1,1,1,1,1,1,1,1,0,1,1
681,10/1/1984,166.100006,169.619995,160.020004,166.089996,0,0,0,1,1,1,1,1,1,1,1,0,1
682,11/1/1984,166.089996,170.410004,162.990005,163.580002,0,0,0,0,1,1,1,1,1,1,1,0,0
683,12/1/1984,163.580002,169.029999,161.539993,167.240005,0,1,1,1,1,1,1,1,1,1,1,1,1
684,1/1/1985,167.199997,180.270004,163.360001,179.630005,0,1,1,1,1,1,1,1,1,1,1,1,1
685,2/1/1985,179.630005,183.949997,177.75,181.179993,0,1,1,1,1,1,1,1,1,1,1,1,1
686,3/1/1985,181.179993,183.889999,176.529999,180.660004,0,0,1,1,1,1,1,1,1,1,1,1,1
687,4/1/1985,180.660004,183.610001,177.860001,179.830002,0,0,0,1,1,1,1,1,1,1,1,1,1
688,5/1/1985,179.830002,189.979996,178.350006,189.550003,0,1,1,1,1,1,1,1,1,1,1,1,1
689,6/1/1985,189.550003,191.850006,185.029999,191.850006,0,1,1,1,1,1,1,1,1,1,1,1,1
690,7/1/1985,191.850006,196.070007,189.300003,190.919998,0,0,1,1,1,1,1,1,1,1,1,1,1
691,8/1/1985,190.919998,192.169998,186.100006,188.630005,0,0,0,0,1,1,1,1,1,1,1,1,1
692,9/1/1985,188.630005,188.800003,179.449997,182.080002,0,0,0,0,0,1,1,1,1,1,1,1,1
693,10/1/1985,182.059998,190.149994,181.160004,189.820007,0,1,1,0,0,1,1,1,1,1,1,1,1
694,11/1/1985,189.820007,203.399994,189.369995,202.169998,0,1,1,1,1,1,1,1,1,1,1,1,1
695,12/1/1985,202.169998,213.080002,200.100006,211.279999,0,1,1,1,1,1,1,1,1,1,1,1,1
696,1/1/1986,211.279999,214.570007,202.600006,211.779999,0,1,1,1,1,1,1,1,1,1,1,1,1
697,2/1/1986,211.779999,227.919998,210.820007,226.919998,0,1,1,1,1,1,1,1,1,1,1,1,1
698,3/1/1986,226.919998,240.110001,222.179993,238.899994,0,1,1,1,1,1,1,1,1,1,1,1,1
699,4/1/1986,238.899994,245.470001,226.300003,235.520004,0,0,1,1,1,1,1,1,1,1,1,1,1
700,5/1/1986,235.520004,249.190002,232.259995,247.350006,0,1,1,1,1,1,1,1,1,1,1,1,1
701,6/1/1986,246.039993,251.809998,238.229996,250.839996,0,1,1,1,1,1,1,1,1,1,1,1,1
702,7/1/1986,250.669998,253.199997,233.070007,236.119995,0,0,0,1,0,1,1,1,1,1,1,1,1
703,8/1/1986,236.119995,254.240005,231.919998,252.929993,0,1,1,1,1,1,1,1,1,1,1,1,1
704,9/1/1986,252.929993,254.130005,228.080002,231.320007,0,0,0,0,0,0,0,1,1,1,1,1,1
705,10/1/1986,231.320007,244.509995,231.320007,243.979996,0,1,0,1,0,0,1,1,1,1,1,1,1
706,11/1/1986,243.970001,249.220001,235.509995,249.220001,0,1,1,0,1,0,1,1,1,1,1,1,1
707,12/1/1986,249.220001,254.869995,241.279999,242.169998,0,0,0,1,0,1,0,0,1,1,1,1,1
708,1/1/1987,242.169998,280.959991,242.169998,274.079987,0,1,1,1,1,1,1,1,1,1,1,1,1
709,2/1/1987,274.079987,287.549988,273.160004,284.200012,0,1,1,1,1,1,1,1,1,1,1,1,1
710,3/1/1987,284.170013,302.720001,282.299988,291.700012,0,1,1,1,1,1,1,1,1,1,1,1,1
711,4/1/1987,291.589996,303.649994,275.670013,288.359985,0,0,1,1,1,1,1,1,1,1,1,1,1
712,5/1/1987,286.98999,298.690002,277.01001,290.100006,0,1,0,1,1,1,1,1,1,1,1,1,1
713,6/1/1987,290.119995,310.269989,286.929993,304,0,1,1,1,1,1,1,1,1,1,1,1,1
714,7/1/1987,303.98999,318.850006,302.529999,318.660004,0,1,1,1,1,1,1,1,1,1,1,1,1
715,8/1/1987,318.619995,337.890015,314.51001,329.799988,0,1,1,1,1,1,1,1,1,1,1,1,1
716,9/1/1987,329.809998,332.179993,308.559998,321.829987,0,0,1,1,1,1,1,1,1,1,1,1,1
717,10/1/1987,321.829987,328.940002,216.460007,251.789993,0,0,0,0,0,0,0,0,0,0,1,1,1
718,11/1/1987,251.729996,257.209991,225.75,230.300003,0,0,0,0,0,0,0,0,0,0,0,0,0
719,12/1/1987,230.320007,253.350006,221.240005,247.080002,0,1,0,0,0,0,0,0,0,0,0,0,1
720,1/1/1988,247.100006,261.779999,240.169998,257.070007,0,1,1,1,0,0,0,0,0,0,0,0,0
721,2/1/1988,257.049988,267.820007,247.820007,267.820007,0,1,1,1,1,0,0,0,0,0,0,0,0
722,3/1/1988,267.820007,272.640015,256.070007,258.890015,0,0,1,1,1,1,0,0,0,0,0,0,0
723,4/1/1988,258.890015,272.049988,254.710007,261.329987,0,1,0,1,1,1,1,0,0,0,0,0,0
724,5/1/1988,261.359985,263.700012,248.850006,262.160004,0,1,1,0,1,1,1,1,0,0,0,0,0
725,6/1/1988,262.160004,276.880005,262.100006,273.5,0,1,1,1,1,1,1,1,1,0,0,0,0
726,7/1/1988,273.5,276.359985,262.480011,272.019989,0,0,1,1,1,1,1,1,1,1,0,0,0
727,8/1/1988,272.029999,274.200012,256.529999,261.519989,0,0,0,0,1,1,0,1,1,1,1,0,0
728,9/1/1988,261.519989,274.869995,256.980011,271.910004,0,1,0,0,1,1,1,1,1,1,1,1,0
729,10/1/1988,271.890015,283.950012,268.839996,278.970001,0,1,1,1,1,1,1,1,1,1,1,1,1
730,11/1/1988,278.970001,280.369995,262.850006,273.700012,0,0,1,1,1,1,1,1,1,1,1,1,1
731,12/1/1988,273.679993,280.450012,270.470001,277.720001,0,1,0,1,1,1,1,1,1,1,1,1,1
732,1/1/1989,277.720001,297.51001,273.809998,297.470001,0,1,1,1,1,1,1,1,1,1,1,1,1
733,2/1/1989,297.470001,300.570007,286.26001,288.859985,0,0,1,1,1,1,1,1,1,1,1,1,1
734,3/1/1989,288.859985,299.98999,286.459991,294.869995,0,1,0,1,1,1,1,1,1,1,1,1,1
735,4/1/1989,294.869995,310.450012,294.350006,309.640015,0,1,1,1,1,1,1,1,1,1,1,1,1
736,5/1/1989,309.640015,323.059998,304.059998,320.519989,0,1,1,1,1,1,1,1,1,1,1,1,1
737,6/1/1989,320.51001,329.190002,314.380005,317.980011,0,0,1,1,1,1,1,1,1,1,1,1,1
738,7/1/1989,317.980011,346.079987,317.26001,346.079987,0,1,1,1,1,1,1,1,1,1,1,1,1
739,8/1/1989,346.079987,352.730011,339,351.450012,0,1,1,1,1,1,1,1,1,1,1,1,1
740,9/1/1989,351.450012,354.130005,341.369995,349.149994,0,0,1,1,1,1,1,1,1,1,1,1,1
741,10/1/1989,349.149994,360.440002,327.119995,340.359985,0,0,0,0,1,1,1,1,1,1,1,1,1
742,11/1/1989,340.359985,346.5,330.910004,345.98999,0,1,0,0,0,1,1,1,1,1,1,1,1
743,12/1/1989,346.01001,354.100006,339.630005,353.399994,0,1,1,1,1,1,1,1,1,1,1,1,1
744,1/1/1990,353.399994,360.589996,319.829987,329.079987,0,0,0,0,0,0,0,1,1,1,1,1,1
745,2/1/1990,329.079987,336.089996,322.100006,331.890015,0,1,0,0,0,0,0,0,1,1,1,1,1
746,3/1/1990,331.890015,344.48999,331.079987,339.940002,0,1,1,0,0,0,0,0,0,1,1,1,1
747,4/1/1990,339.940002,347.299988,327.76001,330.799988,0,0,0,1,0,0,0,0,0,0,1,1,1
748,5/1/1990,330.799988,362.26001,330.799988,361.230011,0,1,1,1,1,1,1,1,1,1,1,1,1
749,6/1/1990,361.26001,368.779999,351.230011,358.019989,0,0,1,1,1,1,1,1,1,1,1,1,1
750,7/1/1990,358.019989,369.779999,350.089996,356.149994,0,0,0,1,1,1,1,1,1,1,1,1,1
751,8/1/1990,356.149994,357.350006,306.179993,322.559998,0,0,0,0,0,0,0,0,0,0,0,0,0
752,9/1/1990,322.559998,326.529999,295.980011,306.049988,0,0,0,0,0,0,0,0,0,0,0,0,0
753,10/1/1990,306.100006,319.690002,294.51001,304,0,0,0,0,0,0,0,0,0,0,0,0,0
754,11/1/1990,303.98999,323.019989,301.609985,322.220001,0,1,1,0,0,0,0,0,0,0,0,0,0
755,12/1/1990,322.230011,333.980011,321.970001,330.220001,0,1,1,1,1,0,0,0,0,0,0,1,0
756,1/1/1991,330.200012,343.929993,309.350006,343.929993,0,1,1,1,1,1,0,0,0,1,1,1,1
757,2/1/1991,343.910004,370.959991,340.369995,367.070007,0,1,1,1,1,1,1,1,1,1,1,1,1
758,3/1/1991,367.070007,379.660004,363.730011,375.220001,0,1,1,1,1,1,1,1,1,1,1,1,1
759,4/1/1991,375.220001,391.26001,370.269989,375.339996,0,1,1,1,1,1,1,1,1,1,1,1,1
760,5/1/1991,375.350006,389.850006,365.829987,389.829987,0,1,1,1,1,1,1,1,1,1,1,1,1
761,6/1/1991,389.809998,389.809998,367.980011,371.160004,0,0,0,0,1,1,1,1,1,1,1,1,1
762,7/1/1991,371.179993,387.809998,370.920013,387.809998,0,1,0,1,1,1,1,1,1,1,1,1,1
763,8/1/1991,387.809998,396.820007,374.089996,395.429993,0,1,1,1,1,1,1,1,1,1,1,1,1
764,9/1/1991,395.429993,397.619995,382.769989,387.859985,0,0,1,1,0,1,1,1,1,1,1,1,1
765,10/1/1991,387.859985,393.809998,376.109985,392.450012,0,1,0,1,1,1,1,1,1,1,1,1,1
766,11/1/1991,392.459991,398.220001,371.630005,375.220001,0,0,0,0,0,1,0,0,1,1,1,1,1
767,12/1/1991,375.109985,418.320007,371.359985,417.089996,0,1,1,1,1,1,1,1,1,1,1,1,1
768,1/1/1992,417.029999,421.179993,408.640015,408.779999,0,0,1,1,1,1,1,1,1,1,1,1,1
769,2/1/1992,408.790009,418.079987,406.339996,412.700012,0,1,0,1,1,1,1,1,1,1,1,1,1
770,3/1/1992,412.679993,413.779999,401.940002,403.690002,0,0,0,0,1,1,1,1,1,1,1,1,1
771,4/1/1992,403.670013,416.279999,392.410004,414.950012,0,1,1,1,0,1,1,1,1,1,1,1,1
772,5/1/1992,414.950012,418.75,409.850006,415.350006,0,1,1,1,1,0,1,1,1,1,1,1,1
773,6/1/1992,415.350006,417.299988,399.920013,408.140015,0,0,0,1,0,0,0,1,1,1,1,1,1
774,7/1/1992,408.200012,424.799988,407.200012,424.209991,0,1,1,1,1,1,1,1,1,1,1,1,1
775,8/1/1992,424.190002,425.140015,408.299988,414.029999,0,0,1,0,0,1,1,1,0,1,1,1,1
776,9/1/1992,414.029999,425.269989,412.709991,417.799988,0,1,0,1,1,1,1,1,1,1,1,1,1
777,10/1/1992,417.799988,421.160004,396.799988,418.679993,0,1,1,0,1,1,1,1,1,1,1,1,1
778,11/1/1992,418.660004,431.929993,415.579987,431.350006,0,1,1,1,1,1,1,1,1,1,1,1,1
779,12/1/1992,431.350006,442.649994,428.609985,435.709991,0,1,1,1,1,1,1,1,1,1,1,1,1
780,1/1/1993,435.700012,442.660004,426.880005,438.779999,0,1,1,1,1,1,1,1,1,1,1,1,1
781,2/1/1993,438.779999,450.040009,428.25,443.380005,0,1,1,1,1,1,1,1,1,1,1,1,1
782,3/1/1993,443.380005,456.76001,441.070007,451.670013,0,1,1,1,1,1,1,1,1,1,1,1,1
783,4/1/1993,451.670013,452.630005,432.299988,440.190002,0,0,0,1,1,1,1,1,1,1,1,1,1
784,5/1/1993,440.190002,454.549988,436.859985,450.190002,0,1,0,1,1,1,1,1,1,1,1,1,1
785,6/1/1993,450.230011,455.630005,442.5,450.529999,0,1,1,0,1,1,1,1,1,1,1,1,1
786,7/1/1993,450.540009,451.149994,441.399994,448.130005,0,0,0,1,0,1,1,1,1,1,1,1,1
787,8/1/1993,448.130005,463.559998,446.940002,463.559998,0,1,1,1,1,1,1,1,1,1,1,1,1
788,9/1/1993,463.549988,463.799988,449.640015,458.929993,0,0,1,1,1,1,1,1,1,1,1,1,1
789,10/1/1993,458.929993,471.100006,456.399994,467.829987,0,1,1,1,1,1,1,1,1,1,1,1,1
790,11/1/1993,467.829987,469.109985,454.359985,461.790009,0,0,1,0,1,1,1,1,1,1,1,1,1
791,12/1/1993,461.929993,471.290009,461.450012,466.450012,0,1,0,1,1,1,1,1,1,1,1,1,1
792,1/1/1994,466.51001,482.850006,464.359985,481.609985,0,1,1,1,1,1,1,1,1,1,1,1,1
793,2/1/1994,481.600006,482.230011,464.26001,467.140015,0,0,1,1,0,1,1,1,1,1,1,1,1
794,3/1/1994,467.190002,471.089996,436.160004,445.769989,0,0,0,0,0,0,0,0,0,0,0,1,0
795,4/1/1994,445.660004,452.790009,435.859985,450.910004,0,1,0,0,0,0,0,0,0,1,1,1,1
796,5/1/1994,450.910004,457.769989,440.779999,456.5,0,1,1,0,0,0,0,0,0,0,1,1,1
797,6/1/1994,456.5,463.230011,439.829987,444.269989,0,0,0,0,0,0,0,0,0,0,0,0,0
798,7/1/1994,444.269989,459.329987,443.579987,458.26001,0,1,1,1,1,0,0,0,0,0,0,0,1
799,8/1/1994,458.279999,477.589996,456.079987,475.48999,0,1,1,1,1,1,1,0,1,1,1,1,1
800,9/1/1994,475.48999,475.48999,458.470001,462.709991,0,0,1,1,1,1,1,0,0,0,1,0,1
801,10/1/1994,462.690002,474.73999,449.269989,472.350006,0,1,0,1,1,1,1,1,1,0,1,1,1
802,11/1/1994,472.26001,472.26001,444.179993,453.690002,0,0,0,0,0,1,0,1,1,0,0,0,0
803,12/1/1994,453.549988,462.730011,442.880005,459.269989,0,1,0,0,0,1,1,1,1,1,0,0,0
804,1/1/1995,459.209991,471.359985,457.200012,470.420013,0,1,1,0,1,0,1,1,1,1,1,1,0
805,2/1/1995,470.420013,489.190002,469.290009,487.390015,0,1,1,1,1,1,1,1,1,1,1,1,1
806,3/1/1995,487.390015,508.149994,479.700012,500.709991,0,1,1,1,1,1,1,1,1,1,1,1,1
807,4/1/1995,500.700012,515.289978,500.200012,514.710022,0,1,1,1,1,1,1,1,1,1,1,1,1
808,5/1/1995,514.76001,533.409973,513.030029,533.400024,0,1,1,1,1,1,1,1,1,1,1,1,1
809,6/1/1995,533.400024,551.070007,526,544.75,0,1,1,1,1,1,1,1,1,1,1,1,1
810,7/1/1995,544.75,565.400024,542.51001,562.059998,0,1,1,1,1,1,1,1,1,1,1,1,1
811,8/1/1995,562.059998,565.619995,553.039978,561.880005,0,0,1,1,1,1,1,1,1,1,1,1,1
812,9/1/1995,561.880005,587.609985,561.01001,584.409973,0,1,1,1,1,1,1,1,1,1,1,1,1
813,10/1/1995,584.409973,590.659973,571.549988,581.5,0,0,1,1,1,1,1,1,1,1,1,1,1
814,11/1/1995,581.5,608.690002,581.039978,605.369995,0,1,1,1,1,1,1,1,1,1,1,1,1
815,12/1/1995,605.369995,622.880005,605.049988,615.929993,0,1,1,1,1,1,1,1,1,1,1,1,1
816,1/1/1996,615.929993,636.179993,597.289978,636.02002,0,1,1,1,1,1,1,1,1,1,1,1,1
817,2/1/1996,636.02002,664.22998,633.710022,640.429993,0,1,1,1,1,1,1,1,1,1,1,1,1
818,3/1/1996,640.429993,656.969971,627.630005,645.5,0,1,1,1,1,1,1,1,1,1,1,1,1
819,4/1/1996,645.5,656.679993,624.140015,654.169983,0,1,1,1,1,1,1,1,1,1,1,1,1
820,5/1/1996,654.169983,681.099976,630.070007,669.119995,0,1,1,1,1,1,1,1,1,1,1,1,1
821,6/1/1996,669.119995,680.320007,658.75,670.630005,0,1,1,1,1,1,1,1,1,1,1,1,1
822,7/1/1996,670.630005,675.880005,605.880005,639.950012,0,0,0,0,0,0,1,1,1,1,1,1,1
823,8/1/1996,639.950012,670.679993,639.48999,651.98999,0,1,0,0,0,1,1,1,1,1,1,1,1
824,9/1/1996,651.98999,690.880005,643.969971,687.330017,0,1,1,1,1,1,1,1,1,1,1,1,1
825,10/1/1996,687.309998,714.099976,684.440002,705.27002,0,1,1,1,1,1,1,1,1,1,1,1,1
826,11/1/1996,705.27002,762.119995,701.299988,757.02002,0,1,1,1,1,1,1,1,1,1,1,1,1
827,12/1/1996,757.02002,761.75,716.690002,740.73999,0,0,1,1,1,1,1,1,1,1,1,1,1
828,1/1/1997,740.73999,794.669983,729.549988,786.159973,0,1,1,1,1,1,1,1,1,1,1,1,1
829,2/1/1997,786.159973,817.679993,773.429993,790.820007,0,1,1,1,1,1,1,1,1,1,1,1,1
830,3/1/1997,790.820007,814.900024,756.130005,757.119995,0,0,0,1,1,1,1,1,1,1,1,1,1
831,4/1/1997,757.119995,804.130005,733.539978,801.340027,0,1,1,1,1,1,1,1,1,1,1,1,1
832,5/1/1997,801.340027,851.869995,793.210022,848.280029,0,1,1,1,1,1,1,1,1,1,1,1,1
833,6/1/1997,848.280029,902.090027,838.820007,885.140015,0,1,1,1,1,1,1,1,1,1,1,1,1
834,7/1/1997,885.140015,957.72998,884.539978,954.309998,0,1,1,1,1,1,1,1,1,1,1,1,1
835,8/1/1997,954.289978,964.169983,893.340027,899.469971,0,0,1,1,1,1,1,1,1,1,1,1,1
836,9/1/1997,899.469971,960.590027,899.469971,947.280029,0,1,0,1,1,1,1,1,1,1,1,1,1
837,10/1/1997,947.280029,983.119995,855.27002,914.619995,0,0,1,0,1,1,1,1,1,1,1,1,1
838,11/1/1997,914.619995,964.549988,900.609985,955.400024,0,1,1,1,1,1,1,1,1,1,1,1,1
839,12/1/1997,955.400024,986.25,924.919983,970.429993,0,1,1,1,1,1,1,1,1,1,1,1,1
840,1/1/1998,970.429993,992.650024,912.830017,980.280029,0,1,1,1,1,1,1,1,1,1,1,1,1
841,2/1/1998,980.280029,1051.660034,980.280029,1049.339966,0,1,1,1,1,1,1,1,1,1,1,1,1
842,3/1/1998,1049.339966,1113.069946,1030.869995,1101.75,0,1,1,1,1,1,1,1,1,1,1,1,1
843,4/1/1998,1101.75,1132.97998,1076.699951,1111.75,0,1,1,1,1,1,1,1,1,1,1,1,1
844,5/1/1998,1111.75,1130.52002,1074.390015,1090.819946,0,0,0,1,1,1,1,1,1,1,1,1,1
845,6/1/1998,1090.819946,1145.150024,1074.670044,1133.839966,0,1,1,1,1,1,1,1,1,1,1,1,1
846,7/1/1998,1133.839966,1190.579956,1114.300049,1120.670044,0,0,1,1,1,1,1,1,1,1,1,1,1
847,8/1/1998,1120.670044,1121.790039,957.280029,957.280029,0,0,0,0,0,0,0,0,0,1,1,1,1
848,9/1/1998,957.280029,1066.109985,939.97998,1017.01001,0,1,0,0,0,0,0,0,1,1,1,1,1
849,10/1/1998,1017.01001,1103.780029,923.320007,1098.670044,0,1,1,0,0,1,0,0,1,1,1,1,1
850,11/1/1998,1098.670044,1192.969971,1098.670044,1163.630005,0,1,1,1,1,1,1,1,1,1,1,1,1
851,12/1/1998,1163.630005,1244.930054,1136.890015,1229.22998,0,1,1,1,1,1,1,1,1,1,1,1,1
852,1/1/1999,1229.22998,1280.369995,1205.459961,1279.640015,0,1,1,1,1,1,1,1,1,1,1,1,1
853,2/1/1999,1279.640015,1283.839966,1211.890015,1238.329956,0,0,1,1,1,1,1,1,1,1,1,1,1
854,3/1/1999,1238.329956,1323.819946,1216.030029,1286.369995,0,1,1,1,1,1,1,1,1,1,1,1,1
855,4/1/1999,1286.369995,1371.560059,1282.560059,1335.180054,0,1,1,1,1,1,1,1,1,1,1,1,1
856,5/1/1999,1335.180054,1375.97998,1277.310059,1301.839966,0,0,1,1,1,1,1,1,1,1,1,1,1
857,6/1/1999,1301.839966,1372.930054,1277.469971,1372.709961,0,1,1,1,1,1,1,1,1,1,1,1,1
858,7/1/1999,1372.709961,1420.329956,1328.48999,1328.719971,0,0,1,0,1,1,1,1,1,1,1,1,1
859,8/1/1999,1328.719971,1382.839966,1267.72998,1320.410034,0,0,0,1,0,1,1,1,1,1,1,1,1
860,9/1/1999,1320.410034,1361.390015,1256.26001,1282.709961,0,0,0,0,0,0,0,1,1,1,1,1,1
861,10/1/1999,1282.709961,1373.170044,1233.699951,1362.930054,0,1,1,1,0,1,1,1,1,1,1,1,1
862,11/1/1999,1362.930054,1425.310059,1346.410034,1388.910034,0,1,1,1,1,1,1,1,1,1,1,1,1
863,12/1/1999,1388.910034,1473.099976,1387.380005,1469.25,0,1,1,1,1,1,1,1,1,1,1,1,1
864,1/1/2000,1469.25,1478,1350.140015,1394.459961,0,0,1,1,1,1,1,1,1,1,1,1,1
865,2/1/2000,1394.459961,1444.550049,1325.069946,1366.420044,0,0,0,0,1,1,1,1,0,1,1,1,1
866,3/1/2000,1366.420044,1552.869995,1346.619995,1498.579956,0,1,1,1,1,1,1,1,1,1,1,1,1
867,4/1/2000,1498.579956,1527.189941,1339.400024,1452.430054,0,0,1,1,0,1,1,1,1,1,1,1,1
868,5/1/2000,1452.430054,1481.51001,1361.089966,1420.599976,0,0,0,1,1,0,1,1,1,1,1,1,1
869,6/1/2000,1420.599976,1488.930054,1420.599976,1454.599976,0,1,1,0,1,1,0,1,1,1,1,1,1
870,7/1/2000,1454.599976,1517.319946,1413.890015,1430.829956,0,0,1,0,0,1,1,0,1,1,1,1,1
871,8/1/2000,1430.829956,1525.209961,1425.430054,1517.680054,0,1,1,1,1,1,1,1,1,1,1,1,1
872,9/1/2000,1517.680054,1530.089966,1419.439941,1436.51001,0,0,1,0,1,0,0,1,1,0,1,1,1
873,10/1/2000,1436.52002,1454.819946,1305.790039,1429.400024,0,0,0,0,0,1,0,0,1,1,0,1,1
874,11/1/2000,1429.400024,1438.459961,1294.900024,1314.949951,0,0,0,0,0,0,0,0,0,0,0,0,0
875,12/1/2000,1314.949951,1389.050049,1254.069946,1320.280029,0,1,0,0,0,0,0,0,0,0,0,0,0
876,1/1/2001,1320.280029,1383.369995,1274.619995,1366.01001,0,1,1,0,0,0,0,0,0,0,0,0,0
877,2/1/2001,1366.01001,1376.380005,1215.439941,1239.939941,0,0,0,0,0,0,0,0,0,0,0,0,0
878,3/1/2001,1239.939941,1267.420044,1081.189941,1160.329956,0,0,0,0,0,0,0,0,0,0,0,0,0
879,4/1/2001,1160.329956,1269.300049,1091.98999,1249.459961,0,1,1,0,0,0,0,0,0,0,0,0,0
880,5/1/2001,1249.459961,1315.930054,1232,1255.819946,0,1,1,1,0,0,0,0,0,0,0,0,0
881,6/1/2001,1255.819946,1286.619995,1203.030029,1224.380005,0,0,0,1,0,0,0,0,0,0,0,0,0
882,7/1/2001,1224.420044,1239.780029,1165.540039,1211.22998,0,0,0,0,1,0,0,0,0,0,0,0,0
883,8/1/2001,1211.22998,1226.27002,1124.869995,1133.579956,0,0,0,0,0,0,0,0,0,0,0,0,0
884,9/1/2001,1133.579956,1155.400024,944.75,1040.939941,0,0,0,0,0,0,0,0,0,0,0,0,0
885,10/1/2001,1040.939941,1110.609985,1026.76001,1059.780029,0,1,0,0,0,0,0,0,0,0,0,0,0
886,11/1/2001,1059.780029,1163.380005,1054.310059,1139.449951,0,1,1,1,0,0,0,0,0,0,0,0,0
887,12/1/2001,1139.449951,1173.619995,1114.530029,1148.079956,0,1,1,1,1,0,0,0,0,0,0,0,0
888,1/1/2002,1148.079956,1176.969971,1081.660034,1130.199951,0,0,0,1,1,0,0,0,0,0,0,0,0
889,2/1/2002,1130.199951,1130.199951,1074.359985,1106.72998,0,0,0,0,1,1,0,0,0,0,0,0,0
890,3/1/2002,1106.72998,1173.939941,1106.72998,1147.390015,0,1,1,0,1,1,1,1,0,0,0,0,0
891,4/1/2002,1147.390015,1147.839966,1063.459961,1076.920044,0,0,0,0,0,0,1,1,0,0,0,0,0
892,5/1/2002,1076.920044,1106.589966,1048.959961,1067.140015,0,0,0,0,0,0,0,1,1,0,0,0,0
893,6/1/2002,1067.140015,1070.73999,952.919983,989.820007,0,0,0,0,0,0,0,0,0,0,0,0,0
894,7/1/2002,989.820007,994.460022,775.679993,911.619995,0,0,0,0,0,0,0,0,0,0,0,0,0
895,8/1/2002,911.619995,965,833.440002,916.070007,0,1,0,0,0,0,0,0,0,0,0,0,0
896,9/1/2002,916.070007,924.02002,800.200012,815.280029,0,0,0,0,0,0,0,0,0,0,0,0,0
897,10/1/2002,815.280029,907.440002,768.630005,885.76001,0,1,0,0,0,0,0,0,0,0,0,0,0
898,11/1/2002,885.76001,941.820007,872.049988,936.309998,0,1,1,1,1,0,0,0,0,0,0,0,0
899,12/1/2002,936.309998,954.280029,869.450012,879.820007,0,0,0,1,0,0,0,0,0,0,0,0,0
900,1/1/2003,879.820007,935.049988,840.340027,855.700012,0,0,0,0,1,0,0,0,0,0,0,0,0
901,2/1/2003,855.700012,864.640015,806.289978,841.150024,0,0,0,0,0,1,0,0,0,0,0,0,0
902,3/1/2003,841.150024,895.900024,788.900024,848.179993,0,1,0,0,0,0,1,0,0,0,0,0,0
903,4/1/2003,848.179993,924.23999,847.849976,916.919983,0,1,1,1,1,0,1,1,1,1,0,0,0
904,5/1/2003,916.919983,965.380005,902.830017,963.590027,0,1,1,1,1,1,1,1,1,1,1,0,0
905,6/1/2003,963.590027,1015.330017,963.590027,974.5,0,1,1,1,1,1,1,1,1,1,1,1,0
906,7/1/2003,974.5,1015.409973,962.099976,990.309998,0,1,1,1,1,1,1,1,1,1,1,1,1
907,8/1/2003,990.309998,1011.01001,960.840027,1008.01001,0,1,1,1,1,1,1,1,1,1,1,1,1
908,9/1/2003,1008.01001,1040.290039,990.359985,995.969971,0,0,1,1,1,1,1,1,1,1,1,1,1
909,10/1/2003,995.969971,1053.790039,995.969971,1050.709961,0,1,1,1,1,1,1,1,1,1,1,1,1
910,11/1/2003,1050.709961,1063.650024,1031.199951,1058.199951,0,1,1,1,1,1,1,1,1,1,1,1,1
911,12/1/2003,1058.199951,1112.560059,1053.410034,1111.920044,0,1,1,1,1,1,1,1,1,1,1,1,1
912,1/1/2004,1111.920044,1155.380005,1105.079956,1131.130005,0,1,1,1,1,1,1,1,1,1,1,1,1
913,2/1/2004,1131.130005,1158.97998,1124.439941,1144.939941,0,1,1,1,1,1,1,1,1,1,1,1,1
914,3/1/2004,1144.939941,1163.22998,1087.160034,1126.209961,0,0,0,1,1,1,1,1,1,1,1,1,1
915,4/1/2004,1126.209961,1150.569946,1107.22998,1107.300049,0,0,0,0,0,1,1,1,1,1,1,1,1
916,5/1/2004,1107.300049,1127.73999,1076.319946,1120.680054,0,1,0,0,0,1,1,1,1,1,1,1,1
917,6/1/2004,1120.680054,1146.339966,1113.319946,1140.839966,0,1,1,1,0,1,1,1,1,1,1,1,1
918,7/1/2004,1140.839966,1140.839966,1078.780029,1101.719971,0,0,0,0,0,0,0,0,1,1,1,1,1
919,8/1/2004,1101.719971,1109.680054,1060.719971,1104.23999,0,1,0,0,0,0,0,0,0,1,1,1,1
920,9/1/2004,1104.23999,1131.540039,1099.180054,1114.579956,0,1,1,0,0,1,0,0,0,1,1,1,1
921,10/1/2004,1114.579956,1142.050049,1090.290039,1130.199951,0,1,1,1,0,1,1,1,0,0,1,1,1
922,11/1/2004,1130.199951,1188.459961,1127.599976,1173.819946,0,1,1,1,1,1,1,1,1,1,1,1,1
923,12/1/2004,1173.780029,1217.329956,1173.780029,1211.920044,0,1,1,1,1,1,1,1,1,1,1,1,1
924,1/1/2005,1211.920044,1217.800049,1163.75,1181.27002,0,0,1,1,1,1,1,1,1,1,1,1,1
925,2/1/2005,1181.27002,1212.439941,1180.949951,1203.599976,0,1,0,1,1,1,1,1,1,1,1,1,1
926,3/1/2005,1203.599976,1229.109985,1163.689941,1180.589966,0,0,0,0,1,1,1,1,1,1,1,1,1
927,4/1/2005,1180.589966,1191.880005,1136.150024,1156.849976,0,0,0,0,0,0,1,1,1,1,1,1,1
928,5/1/2005,1156.849976,1199.560059,1146.180054,1191.5,0,1,1,0,1,0,1,1,1,1,1,1,1
929,6/1/2005,1191.5,1219.589966,1188.300049,1191.329956,0,0,1,1,0,1,0,1,1,1,1,1,1
930,7/1/2005,1191.329956,1245.150024,1183.550049,1234.180054,0,1,1,1,1,1,1,1,1,1,1,1,1
931,8/1/2005,1234.180054,1245.859985,1201.069946,1220.329956,0,0,1,1,1,1,1,1,1,1,1,1,1
932,9/1/2005,1220.329956,1243.130005,1205.349976,1228.810059,0,1,0,1,1,1,1,1,1,1,1,1,1
933,10/1/2005,1228.810059,1233.339966,1168.199951,1207.01001,0,0,0,0,1,1,1,1,1,1,0,1,1
934,11/1/2005,1207.01001,1270.640015,1201.069946,1249.47998,0,1,1,1,1,1,1,1,1,1,1,1,1
935,12/1/2005,1249.47998,1275.800049,1246.589966,1248.290039,0,0,1,1,1,1,1,1,1,1,1,1,1
936,1/1/2006,1248.290039,1294.900024,1245.73999,1280.079956,0,1,1,1,1,1,1,1,1,1,1,1,1
937,2/1/2006,1280.079956,1297.569946,1253.609985,1280.660034,0,1,1,1,1,1,1,1,1,1,1,1,1
938,3/1/2006,1280.660034,1310.880005,1268.420044,1294.869995,0,1,1,1,1,1,1,1,1,1,1,1,1
939,4/1/2006,1302.880005,1318.160034,1280.73999,1310.609985,0,1,1,1,1,1,1,1,1,1,1,1,1
940,5/1/2006,1310.609985,1326.699951,1245.339966,1270.089966,0,0,0,0,0,1,1,1,1,1,1,1,1
941,6/1/2006,1270.050049,1290.680054,1219.290039,1270.199951,0,1,0,0,0,0,1,1,1,1,1,1,1
942,7/1/2006,1270.060059,1280.420044,1224.540039,1276.660034,0,1,1,0,0,0,0,1,1,1,1,1,1
943,8/1/2006,1278.530029,1306.73999,1261.300049,1303.819946,0,1,1,1,0,1,1,1,1,1,1,1,1
944,9/1/2006,1303.800049,1340.280029,1290.930054,1335.849976,0,1,1,1,1,1,1,1,1,1,1,1,1
945,10/1/2006,1335.819946,1389.449951,1327.099976,1377.939941,0,1,1,1,1,1,1,1,1,1,1,1,1
946,11/1/2006,1377.76001,1407.890015,1360.97998,1400.630005,0,1,1,1,1,1,1,1,1,1,1,1,1
947,12/1/2006,1400.630005,1431.810059,1385.930054,1418.300049,0,1,1,1,1,1,1,1,1,1,1,1,1
948,1/1/2007,1418.030029,1441.609985,1403.969971,1438.23999,0,1,1,1,1,1,1,1,1,1,1,1,1
949,2/1/2007,1437.900024,1461.569946,1389.420044,1406.819946,0,0,0,1,1,1,1,1,1,1,1,1,1
950,3/1/2007,1406.800049,1438.890015,1363.97998,1420.859985,0,1,0,1,1,1,1,1,1,1,1,1,1
951,4/1/2007,1420.829956,1498.02002,1416.369995,1482.369995,0,1,1,1,1,1,1,1,1,1,1,1,1
952,5/1/2007,1482.369995,1535.560059,1476.699951,1530.619995,0,1,1,1,1,1,1,1,1,1,1,1,1
953,6/1/2007,1530.619995,1540.560059,1484.180054,1503.349976,0,0,1,1,1,1,1,1,1,1,1,1,1
954,7/1/2007,1504.660034,1555.900024,1454.25,1455.27002,0,0,0,0,1,1,1,1,1,1,1,1,1
955,8/1/2007,1455.180054,1503.890015,1370.599976,1473.98999,0,1,0,0,0,1,1,1,1,1,1,1,1
956,9/1/2007,1473.959961,1538.73999,1439.290039,1526.75,0,1,1,1,0,1,1,1,1,1,1,1,1
957,10/1/2007,1527.290039,1576.089966,1489.560059,1549.380005,0,1,1,1,1,1,1,1,1,1,1,1,1
958,11/1/2007,1545.790039,1545.790039,1406.099976,1481.140015,0,0,0,1,1,0,0,0,1,1,1,1,1
959,12/1/2007,1479.630005,1523.569946,1435.650024,1468.359985,0,0,0,0,0,1,0,0,0,1,1,1,1
960,1/1/2008,1467.969971,1471.77002,1270.050049,1378.550049,0,0,0,0,0,0,0,0,0,0,0,0,0
961,2/1/2008,1378.599976,1396.02002,1316.75,1330.630005,0,0,0,0,0,0,0,0,0,0,0,0,0
962,3/1/2008,1330.449951,1359.680054,1256.97998,1322.699951,0,0,0,0,0,0,0,0,0,0,0,0,0
963,4/1/2008,1326.410034,1404.569946,1324.349976,1385.589966,0,1,1,1,0,0,0,0,0,0,0,0,0
964,5/1/2008,1385.969971,1440.23999,1373.069946,1400.380005,0,1,1,1,1,0,0,0,0,0,0,0,0
965,6/1/2008,1399.619995,1404.050049,1272,1280,0,0,0,0,0,0,0,0,0,0,0,0,0
966,7/1/2008,1276.689941,1292.170044,1200.439941,1267.380005,0,0,0,0,0,0,0,0,0,0,0,0,0
967,8/1/2008,1269.420044,1313.150024,1247.449951,1282.829956,0,1,1,0,0,0,0,0,0,0,0,0,0
968,9/1/2008,1287.829956,1303.040039,1106.420044,1166.359985,0,0,0,0,0,0,0,0,0,0,0,0,0
969,10/1/2008,1164.170044,1167.030029,839.799988,968.75,0,0,0,0,0,0,0,0,0,0,0,0,0
970,11/1/2008,968.669983,1007.51001,741.02002,896.23999,0,0,0,0,0,0,0,0,0,0,0,0,0
971,12/1/2008,888.609985,918.849976,815.690002,903.25,0,1,0,0,0,0,0,0,0,0,0,0,0
972,1/1/2009,902.98999,943.849976,804.299988,825.880005,0,0,0,0,0,0,0,0,0,0,0,0,0
973,2/1/2009,823.090027,875.01001,734.52002,735.090027,0,0,0,0,0,0,0,0,0,0,0,0,0
974,3/1/2009,729.570007,832.97998,666.789978,797.869995,0,1,0,0,0,0,0,0,0,0,0,0,0
975,4/1/2009,793.590027,888.700012,783.320007,872.809998,0,1,1,1,0,0,0,0,0,0,0,0,0
976,5/1/2009,872.73999,930.169983,866.099976,919.140015,0,1,1,1,1,1,1,0,0,0,0,0,0
977,6/1/2009,923.26001,956.22998,888.859985,919.320007,0,1,1,1,1,1,1,1,0,0,0,0,0
978,7/1/2009,920.820007,996.679993,869.320007,987.47998,0,1,1,1,1,1,1,1,1,1,0,0,0
979,8/1/2009,990.219971,1039.469971,978.51001,1020.619995,0,1,1,1,1,1,1,1,1,1,1,0,0
980,9/1/2009,1019.52002,1080.150024,991.969971,1057.079956,0,1,1,1,1,1,1,1,1,1,1,1,0
981,10/1/2009,1054.910034,1101.359985,1019.950012,1036.189941,0,0,1,1,1,1,1,1,1,1,1,1,1
982,11/1/2009,1036.180054,1113.689941,1029.380005,1095.630005,0,1,1,1,1,1,1,1,1,1,1,1,1
983,12/1/2009,1098.890015,1130.380005,1085.890015,1115.099976,0,1,1,1,1,1,1,1,1,1,1,1,1
984,1/1/2010,1116.560059,1150.449951,1071.589966,1073.869995,0,0,0,1,1,1,1,1,1,1,1,1,1
985,2/1/2010,1073.890015,1112.420044,1044.5,1104.48999,0,1,0,1,1,1,1,1,1,1,1,1,1
986,3/1/2010,1105.359985,1180.689941,1105.359985,1169.430054,0,1,1,1,1,1,1,1,1,1,1,1,1
987,4/1/2010,1171.22998,1219.800049,1170.689941,1186.689941,0,1,1,1,1,1,1,1,1,1,1,1,1
988,5/1/2010,1188.579956,1205.130005,1040.780029,1089.410034,0,0,0,0,1,0,0,1,1,1,1,1,1
989,6/1/2010,1087.300049,1131.22998,1028.329956,1030.709961,0,0,0,0,0,0,0,0,0,0,1,1,1
990,7/1/2010,1031.099976,1120.949951,1010.909973,1101.599976,0,1,1,0,0,0,1,0,1,1,1,1,1
991,8/1/2010,1107.530029,1129.23999,1039.699951,1049.329956,0,0,1,0,0,0,0,0,0,0,1,0,1
992,9/1/2010,1049.719971,1157.160034,1049.719971,1141.199951,0,1,1,1,1,0,0,1,1,1,1,1,1
993,10/1/2010,1143.48999,1196.140015,1131.869995,1183.26001,0,1,1,1,1,1,0,1,1,1,1,1,1
994,11/1/2010,1185.709961,1227.079956,1173,1180.550049,0,0,1,1,1,1,1,0,1,1,1,1,1
995,12/1/2010,1186.599976,1262.599976,1186.599976,1257.640015,0,1,1,1,1,1,1,1,1,1,1,1,1
996,1/1/2011,1257.619995,1302.670044,1257.619995,1286.119995,0,1,1,1,1,1,1,1,1,1,1,1,1
997,2/1/2011,1289.140015,1344.069946,1289.140015,1327.219971,0,1,1,1,1,1,1,1,1,1,1,1,1
998,3/1/2011,1328.640015,1332.280029,1249.050049,1325.829956,0,0,1,1,1,1,1,1,1,1,1,1,1
999,4/1/2011,1329.47998,1364.560059,1294.699951,1363.609985,0,1,1,1,1,1,1,1,1,1,1,1,1
1000,5/1/2011,1365.209961,1370.579956,1311.800049,1345.199951,0,0,1,1,1,1,1,1,1,1,1,1,1
1001,6/1/2011,1345.199951,1345.199951,1258.069946,1320.640015,0,0,0,0,0,1,1,1,1,1,1,1,1
1002,7/1/2011,1320.640015,1356.47998,1282.859985,1292.280029,0,0,0,0,0,0,1,1,1,1,1,1,1
1003,8/1/2011,1292.589966,1307.380005,1101.540039,1218.890015,0,0,0,0,0,0,0,0,0,1,1,1,1
1004,9/1/2011,1219.119995,1229.290039,1114.219971,1131.420044,0,0,0,0,0,0,0,0,0,0,0,0,0
1005,10/1/2011,1131.209961,1292.660034,1074.77002,1253.300049,0,1,1,0,0,0,0,0,0,0,0,1,1
1006,11/1/2011,1251,1277.550049,1158.660034,1246.959961,0,0,1,1,0,0,0,0,0,0,0,0,1
1007,12/1/2011,1246.910034,1269.369995,1202.369995,1257.599976,0,1,1,1,1,0,0,0,0,0,0,0,0
1008,1/1/2012,1258.859985,1333.469971,1258.859985,1312.410034,0,1,1,1,1,1,1,0,0,0,0,0,1
1009,2/1/2012,1312.449951,1378.040039,1312.449951,1365.680054,0,1,1,1,1,1,1,1,1,1,1,1,1
1010,3/1/2012,1365.900024,1419.150024,1340.030029,1408.469971,0,1,1,1,1,1,1,1,1,1,1,1,1
1011,4/1/2012,1408.469971,1422.380005,1357.380005,1397.910034,0,0,1,1,1,1,1,1,1,1,1,1,1
1012,5/1/2012,1397.859985,1415.319946,1291.97998,1310.329956,0,0,0,0,0,1,1,1,1,1,1,0,0
1013,6/1/2012,1309.869995,1363.459961,1266.73999,1362.160034,0,1,0,0,0,1,1,1,1,1,1,1,1
1014,7/1/2012,1362.329956,1391.73999,1325.410034,1379.319946,0,1,1,0,0,1,1,1,1,1,1,1,1
1015,8/1/2012,1379.319946,1426.680054,1354.650024,1406.579956,0,1,1,1,1,0,1,1,1,1,1,1,1
1016,9/1/2012,1406.540039,1474.51001,1396.560059,1440.670044,0,1,1,1,1,1,1,1,1,1,1,1,1
1017,10/1/2012,1440.900024,1470.959961,1403.280029,1412.160034,0,0,1,1,1,1,1,1,1,1,1,1,1
1018,11/1/2012,1412.199951,1434.27002,1343.349976,1416.180054,0,1,0,1,1,1,1,1,1,1,1,1,1
1019,12/1/2012,1416.339966,1448,1398.109985,1426.189941,0,1,1,0,1,1,1,1,1,1,1,1,1
1020,1/1/2013,1426.189941,1509.939941,1426.189941,1498.109985,0,1,1,1,1,1,1,1,1,1,1,1,1
1021,2/1/2013,1498.109985,1530.939941,1485.01001,1514.680054,0,1,1,1,1,1,1,1,1,1,1,1,1
1022,3/1/2013,1514.680054,1570.280029,1501.47998,1569.189941,0,1,1,1,1,1,1,1,1,1,1,1,1
1023,4/1/2013,1569.180054,1597.569946,1536.030029,1597.569946,0,1,1,1,1,1,1,1,1,1,1,1,1
1024,5/1/2013,1597.550049,1687.180054,1581.280029,1630.73999,0,1,1,1,1,1,1,1,1,1,1,1,1
1025,6/1/2013,1631.709961,1654.189941,1560.329956,1606.280029,0,0,1,1,1,1,1,1,1,1,1,1,1
1026,7/1/2013,1609.780029,1698.780029,1604.569946,1685.72998,0,1,1,1,1,1,1,1,1,1,1,1,1
1027,8/1/2013,1689.420044,1709.670044,1627.469971,1632.969971,0,0,1,1,1,1,1,1,1,1,1,1,1
1028,9/1/2013,1635.949951,1729.859985,1633.410034,1681.550049,0,1,0,1,1,1,1,1,1,1,1,1,1
1029,10/1/2013,1682.410034,1775.219971,1646.469971,1756.540039,0,1,1,1,1,1,1,1,1,1,1,1,1
1030,11/1/2013,1758.699951,1813.550049,1746.199951,1805.810059,0,1,1,1,1,1,1,1,1,1,1,1,1
1031,12/1/2013,1806.550049,1849.439941,1767.98999,1848.359985,0,1,1,1,1,1,1,1,1,1,1,1,1
1032,1/1/2014,1845.859985,1850.839966,1770.449951,1782.589966,0,0,0,1,1,1,1,1,1,1,1,1,1
1033,2/1/2014,1782.680054,1867.920044,1737.920044,1859.449951,0,1,1,1,1,1,1,1,1,1,1,1,1
1034,3/1/2014,1857.680054,1883.969971,1834.439941,1872.339966,0,1,1,1,1,1,1,1,1,1,1,1,1
1035,4/1/2014,1873.959961,1897.280029,1814.359985,1883.949951,0,1,1,1,1,1,1,1,1,1,1,1,1
1036,5/1/2014,1884.390015,1924.030029,1859.790039,1923.569946,0,1,1,1,1,1,1,1,1,1,1,1,1
1037,6/1/2014,1923.869995,1968.170044,1915.97998,1960.22998,0,1,1,1,1,1,1,1,1,1,1,1,1
1038,7/1/2014,1962.290039,1991.390015,1930.670044,1930.670044,0,0,1,1,1,1,1,1,1,1,1,1,1
1039,8/1/2014,1929.800049,2005.040039,1904.780029,2003.369995,0,1,1,1,1,1,1,1,1,1,1,1,1
1040,9/1/2014,2004.069946,2019.26001,1964.040039,1972.290039,0,0,1,1,1,1,1,1,1,1,1,1,1
1041,10/1/2014,1971.439941,2018.189941,1820.660034,2018.050049,0,1,1,1,1,1,1,1,1,1,1,1,1
1042,11/1/2014,2018.209961,2075.76001,2001.01001,2067.560059,0,1,1,1,1,1,1,1,1,1,1,1,1
1043,12/1/2014,2065.780029,2093.550049,1972.560059,2058.899902,0,0,1,1,1,1,1,1,1,1,1,1,1
1044,1/1/2015,2058.899902,2072.360107,1988.119995,1994.98999,0,0,0,0,1,0,1,1,1,1,1,1,1
1045,2/1/2015,1996.670044,2119.590088,1980.900024,2104.5,0,1,1,1,1,1,1,1,1,1,1,1,1
1046,3/1/2015,2105.22998,2117.52002,2039.689941,2067.889893,0,0,1,1,1,1,1,1,1,1,1,1,1
1047,4/1/2015,2067.629883,2125.919922,2048.379883,2085.51001,0,1,0,1,1,1,1,1,1,1,1,1,1
1048,5/1/2015,2087.379883,2134.719971,2067.929932,2107.389893,0,1,1,1,1,1,1,1,1,1,1,1,1
1049,6/1/2015,2108.639893,2129.870117,2056.320068,2063.110107,0,0,0,0,0,1,1,0,1,1,1,1,1
1050,7/1/2015,2067,2132.820068,2044.02002,2103.840088,0,1,0,1,1,0,1,1,1,1,1,1,1
1051,8/1/2015,2104.48999,2112.659912,1867.01001,1972.180054,0,0,0,0,0,0,0,0,0,0,0,0,0
1052,9/1/2015,1970.089966,2020.859985,1871.910034,1920.030029,0,0,0,0,0,0,0,0,0,0,0,0,0
1053,10/1/2015,1919.650024,2094.320068,1893.699951,2079.360107,0,1,1,0,1,0,0,1,0,1,1,1,1
1054,11/1/2015,2080.76001,2116.47998,2019.390015,2080.409912,0,1,1,1,0,1,0,0,1,0,1,1,1
1055,12/1/2015,2082.929932,2104.27002,1993.26001,2043.939941,0,0,0,1,1,0,0,0,0,0,0,1,0
1056,1/1/2016,2038.199951,2038.199951,1812.290039,1940.23999,0,0,0,0,1,0,0,0,0,0,0,0,0
1057,2/1/2016,1936.939941,1962.959961,1810.099976,1932.22998,0,0,0,0,0,1,0,0,0,0,0,0,0
1058,3/1/2016,1937.089966,2072.209961,1937.089966,2059.73999,0,1,1,1,0,0,1,1,0,0,0,0,0
1059,4/1/2016,2056.620117,2111.050049,2033.800049,2065.300049,0,1,1,1,1,0,0,1,1,0,1,0,0
1060,5/1/2016,2067.169922,2103.47998,2025.910034,2096.949951,0,1,1,1,1,1,1,1,1,1,0,1,0
1061,6/1/2016,2093.939941,2120.550049,1991.680054,2098.860107,0,1,1,1,1,1,1,1,1,1,1,0,1
1062,7/1/2016,2099.340088,2177.090088,2074.02002,2173.600098,0,1,1,1,1,1,1,1,1,1,1,1,1
1063,8/1/2016,2173.149902,2193.810059,2147.580078,2170.949951,0,0,1,1,1,1,1,1,1,1,1,1,1
1064,9/1/2016,2171.330078,2187.870117,2119.120117,2168.27002,0,0,0,1,1,1,1,1,1,1,1,1,1
1065,10/1/2016,2164.330078,2169.600098,2114.719971,2126.149902,0,0,0,0,1,1,1,1,1,1,1,1,1
1066,11/1/2016,2128.679932,2214.100098,2083.790039,2198.810059,0,1,1,1,1,1,1,1,1,1,1,1,1
1067,12/1/2016,2200.169922,2277.530029,2187.439941,2238.830078,0,1,1,1,1,1,1,1,1,1,1,1,1
1068,1/1/2017,2251.570068,2300.98999,2245.129883,2278.870117,0,1,1,1,1,1,1,1,1,1,1,1,1
1069,2/1/2017,2285.590088,2371.540039,2271.649902,2363.639893,0,1,1,1,1,1,1,1,1,1,1,1,1
1070,3/1/2017,2380.129883,2400.97998,2322.25,2362.719971,0,0,1,1,1,1,1,1,1,1,1,1,1
1071,4/1/2017,2362.340088,2398.159912,2328.949951,2384.199951,0,1,1,1,1,1,1,1,1,1,1,1,1
1072,5/1/2017,2388.5,2418.709961,2352.719971,2411.800049,0,1,1,1,1,1,1,1,1,1,1,1,1
1073,6/1/2017,2415.649902,2453.820068,2405.699951,2423.409912,0,1,1,1,1,1,1,1,1,1,1,1,1
1074,7/1/2017,2431.389893,2484.040039,2407.699951,2470.300049,0,1,1,1,1,1,1,1,1,1,1,1,1
1075,8/1/2017,2477.100098,2490.870117,2417.350098,2471.649902,0,1,1,1,1,1,1,1,1,1,1,1,1
1076,9/1/2017,2474.419922,2519.439941,2446.550049,2519.360107,0,1,1,1,1,1,1,1,1,1,1,1,1
1077,10/1/2017,2521.199951,2582.97998,2520.399902,2575.26001,0,1,1,1,1,1,1,1,1,1,1,1,1
1078,11/1/2017,2583.209961,2657.73999,2557.449951,2584.840088,0,1,1,1,1,1,1,1,1,1,1,1,1
1079,12/1/2017,2645.100098,2694.969971,2605.52002,2673.610107,0,1,1,1,1,1,1,1,1,1,1,1,1
1080,1/1/2018,2683.72998,2872.870117,2682.360107,2823.810059,0,1,1,1,1,1,1,1,1,1,1,1,1
1081,2/1/2018,2816.449951,2835.959961,2532.689941,2713.830078,0,0,1,1,1,1,1,1,1,1,1,1,1
1082,3/1/2018,2715.219971,2801.899902,2585.889893,2640.870117,0,0,0,0,1,1,1,1,1,1,1,1,1
1083,4/1/2018,2633.449951,2717.48999,2553.800049,2648.050049,0,1,0,0,0,1,1,1,1,1,1,1,1
1084,5/1/2018,2642.959961,2742.23999,2594.620117,2705.27002,0,1,1,0,0,1,1,1,1,1,1,1,1
1085,6/1/2018,2718.699951,2791.469971,2718.699951,2762.570068,0,1,1,1,1,0,1,1,1,1,1,1,1
